-- MySQL dump 10.13  Distrib 8.0.40, for Linux (x86_64)
--
-- Host: localhost    Database: true_swiftie
-- ------------------------------------------------------
-- Server version	8.0.40-0ubuntu0.22.04.1

/*!40101 SET @OLD_CHARACTER_SET_CLIENT=@@CHARACTER_SET_CLIENT */;
/*!40101 SET @OLD_CHARACTER_SET_RESULTS=@@CHARACTER_SET_RESULTS */;
/*!40101 SET @OLD_COLLATION_CONNECTION=@@COLLATION_CONNECTION */;
/*!50503 SET NAMES utf8mb4 */;
/*!40103 SET @OLD_TIME_ZONE=@@TIME_ZONE */;
/*!40103 SET TIME_ZONE='+00:00' */;
/*!40014 SET @OLD_UNIQUE_CHECKS=@@UNIQUE_CHECKS, UNIQUE_CHECKS=0 */;
/*!40014 SET @OLD_FOREIGN_KEY_CHECKS=@@FOREIGN_KEY_CHECKS, FOREIGN_KEY_CHECKS=0 */;
/*!40101 SET @OLD_SQL_MODE=@@SQL_MODE, SQL_MODE='NO_AUTO_VALUE_ON_ZERO' */;
/*!40111 SET @OLD_SQL_NOTES=@@SQL_NOTES, SQL_NOTES=0 */;

--
-- Table structure for table `auth_group`
--

DROP TABLE IF EXISTS `auth_group`;
/*!40101 SET @saved_cs_client     = @@character_set_client */;
/*!50503 SET character_set_client = utf8mb4 */;
CREATE TABLE `auth_group` (
  `id` int NOT NULL AUTO_INCREMENT,
  `name` varchar(150) NOT NULL,
  PRIMARY KEY (`id`),
  UNIQUE KEY `name` (`name`)
) ENGINE=InnoDB DEFAULT CHARSET=utf8mb4 COLLATE=utf8mb4_0900_ai_ci;
/*!40101 SET character_set_client = @saved_cs_client */;

--
-- Dumping data for table `auth_group`
--

LOCK TABLES `auth_group` WRITE;
/*!40000 ALTER TABLE `auth_group` DISABLE KEYS */;
/*!40000 ALTER TABLE `auth_group` ENABLE KEYS */;
UNLOCK TABLES;

--
-- Table structure for table `auth_group_permissions`
--

DROP TABLE IF EXISTS `auth_group_permissions`;
/*!40101 SET @saved_cs_client     = @@character_set_client */;
/*!50503 SET character_set_client = utf8mb4 */;
CREATE TABLE `auth_group_permissions` (
  `id` bigint NOT NULL AUTO_INCREMENT,
  `group_id` int NOT NULL,
  `permission_id` int NOT NULL,
  PRIMARY KEY (`id`),
  UNIQUE KEY `auth_group_permissions_group_id_permission_id_0cd325b0_uniq` (`group_id`,`permission_id`),
  KEY `auth_group_permissio_permission_id_84c5c92e_fk_auth_perm` (`permission_id`),
  CONSTRAINT `auth_group_permissio_permission_id_84c5c92e_fk_auth_perm` FOREIGN KEY (`permission_id`) REFERENCES `auth_permission` (`id`),
  CONSTRAINT `auth_group_permissions_group_id_b120cbf9_fk_auth_group_id` FOREIGN KEY (`group_id`) REFERENCES `auth_group` (`id`)
) ENGINE=InnoDB DEFAULT CHARSET=utf8mb4 COLLATE=utf8mb4_0900_ai_ci;
/*!40101 SET character_set_client = @saved_cs_client */;

--
-- Dumping data for table `auth_group_permissions`
--

LOCK TABLES `auth_group_permissions` WRITE;
/*!40000 ALTER TABLE `auth_group_permissions` DISABLE KEYS */;
/*!40000 ALTER TABLE `auth_group_permissions` ENABLE KEYS */;
UNLOCK TABLES;

--
-- Table structure for table `auth_permission`
--

DROP TABLE IF EXISTS `auth_permission`;
/*!40101 SET @saved_cs_client     = @@character_set_client */;
/*!50503 SET character_set_client = utf8mb4 */;
CREATE TABLE `auth_permission` (
  `id` int NOT NULL AUTO_INCREMENT,
  `name` varchar(255) NOT NULL,
  `content_type_id` int NOT NULL,
  `codename` varchar(100) NOT NULL,
  PRIMARY KEY (`id`),
  UNIQUE KEY `auth_permission_content_type_id_codename_01ab375a_uniq` (`content_type_id`,`codename`),
  CONSTRAINT `auth_permission_content_type_id_2f476e4b_fk_django_co` FOREIGN KEY (`content_type_id`) REFERENCES `django_content_type` (`id`)
) ENGINE=InnoDB AUTO_INCREMENT=41 DEFAULT CHARSET=utf8mb4 COLLATE=utf8mb4_0900_ai_ci;
/*!40101 SET character_set_client = @saved_cs_client */;

--
-- Dumping data for table `auth_permission`
--

LOCK TABLES `auth_permission` WRITE;
/*!40000 ALTER TABLE `auth_permission` DISABLE KEYS */;
INSERT INTO `auth_permission` VALUES (1,'Can add log entry',1,'add_logentry'),(2,'Can change log entry',1,'change_logentry'),(3,'Can delete log entry',1,'delete_logentry'),(4,'Can view log entry',1,'view_logentry'),(5,'Can add permission',2,'add_permission'),(6,'Can change permission',2,'change_permission'),(7,'Can delete permission',2,'delete_permission'),(8,'Can view permission',2,'view_permission'),(9,'Can add group',3,'add_group'),(10,'Can change group',3,'change_group'),(11,'Can delete group',3,'delete_group'),(12,'Can view group',3,'view_group'),(13,'Can add user',4,'add_user'),(14,'Can change user',4,'change_user'),(15,'Can delete user',4,'delete_user'),(16,'Can view user',4,'view_user'),(17,'Can add content type',5,'add_contenttype'),(18,'Can change content type',5,'change_contenttype'),(19,'Can delete content type',5,'delete_contenttype'),(20,'Can view content type',5,'view_contenttype'),(21,'Can add session',6,'add_session'),(22,'Can change session',6,'change_session'),(23,'Can delete session',6,'delete_session'),(24,'Can view session',6,'view_session'),(25,'Can add song',7,'add_song'),(26,'Can change song',7,'change_song'),(27,'Can delete song',7,'delete_song'),(28,'Can view song',7,'view_song'),(29,'Can add song title',8,'add_songtitle'),(30,'Can change song title',8,'change_songtitle'),(31,'Can delete song title',8,'delete_songtitle'),(32,'Can view song title',8,'view_songtitle'),(33,'Can add game history',9,'add_gamehistory'),(34,'Can change game history',9,'change_gamehistory'),(35,'Can delete game history',9,'delete_gamehistory'),(36,'Can view game history',9,'view_gamehistory'),(37,'Can add poster',10,'add_poster'),(38,'Can change poster',10,'change_poster'),(39,'Can delete poster',10,'delete_poster'),(40,'Can view poster',10,'view_poster');
/*!40000 ALTER TABLE `auth_permission` ENABLE KEYS */;
UNLOCK TABLES;

--
-- Table structure for table `auth_user`
--

DROP TABLE IF EXISTS `auth_user`;
/*!40101 SET @saved_cs_client     = @@character_set_client */;
/*!50503 SET character_set_client = utf8mb4 */;
CREATE TABLE `auth_user` (
  `id` int NOT NULL AUTO_INCREMENT,
  `password` varchar(128) NOT NULL,
  `last_login` datetime(6) DEFAULT NULL,
  `is_superuser` tinyint(1) NOT NULL,
  `username` varchar(150) NOT NULL,
  `first_name` varchar(150) NOT NULL,
  `last_name` varchar(150) NOT NULL,
  `email` varchar(254) NOT NULL,
  `is_staff` tinyint(1) NOT NULL,
  `is_active` tinyint(1) NOT NULL,
  `date_joined` datetime(6) NOT NULL,
  PRIMARY KEY (`id`),
  UNIQUE KEY `username` (`username`)
) ENGINE=InnoDB AUTO_INCREMENT=2 DEFAULT CHARSET=utf8mb4 COLLATE=utf8mb4_0900_ai_ci;
/*!40101 SET character_set_client = @saved_cs_client */;

--
-- Dumping data for table `auth_user`
--

LOCK TABLES `auth_user` WRITE;
/*!40000 ALTER TABLE `auth_user` DISABLE KEYS */;
INSERT INTO `auth_user` VALUES (1,'pbkdf2_sha256$870000$lbm4kwgDKCgNfMHtskVjlU$SSzjqNpE6Wyn7K2WSDzKp67zu+vKhIuQ/JISH3b1Vb4=','2024-12-04 12:54:55.467532',1,'syy','','','',1,1,'2024-12-04 12:54:52.177323');
/*!40000 ALTER TABLE `auth_user` ENABLE KEYS */;
UNLOCK TABLES;

--
-- Table structure for table `auth_user_groups`
--

DROP TABLE IF EXISTS `auth_user_groups`;
/*!40101 SET @saved_cs_client     = @@character_set_client */;
/*!50503 SET character_set_client = utf8mb4 */;
CREATE TABLE `auth_user_groups` (
  `id` bigint NOT NULL AUTO_INCREMENT,
  `user_id` int NOT NULL,
  `group_id` int NOT NULL,
  PRIMARY KEY (`id`),
  UNIQUE KEY `auth_user_groups_user_id_group_id_94350c0c_uniq` (`user_id`,`group_id`),
  KEY `auth_user_groups_group_id_97559544_fk_auth_group_id` (`group_id`),
  CONSTRAINT `auth_user_groups_group_id_97559544_fk_auth_group_id` FOREIGN KEY (`group_id`) REFERENCES `auth_group` (`id`),
  CONSTRAINT `auth_user_groups_user_id_6a12ed8b_fk_auth_user_id` FOREIGN KEY (`user_id`) REFERENCES `auth_user` (`id`)
) ENGINE=InnoDB DEFAULT CHARSET=utf8mb4 COLLATE=utf8mb4_0900_ai_ci;
/*!40101 SET character_set_client = @saved_cs_client */;

--
-- Dumping data for table `auth_user_groups`
--

LOCK TABLES `auth_user_groups` WRITE;
/*!40000 ALTER TABLE `auth_user_groups` DISABLE KEYS */;
/*!40000 ALTER TABLE `auth_user_groups` ENABLE KEYS */;
UNLOCK TABLES;

--
-- Table structure for table `auth_user_user_permissions`
--

DROP TABLE IF EXISTS `auth_user_user_permissions`;
/*!40101 SET @saved_cs_client     = @@character_set_client */;
/*!50503 SET character_set_client = utf8mb4 */;
CREATE TABLE `auth_user_user_permissions` (
  `id` bigint NOT NULL AUTO_INCREMENT,
  `user_id` int NOT NULL,
  `permission_id` int NOT NULL,
  PRIMARY KEY (`id`),
  UNIQUE KEY `auth_user_user_permissions_user_id_permission_id_14a6b632_uniq` (`user_id`,`permission_id`),
  KEY `auth_user_user_permi_permission_id_1fbb5f2c_fk_auth_perm` (`permission_id`),
  CONSTRAINT `auth_user_user_permi_permission_id_1fbb5f2c_fk_auth_perm` FOREIGN KEY (`permission_id`) REFERENCES `auth_permission` (`id`),
  CONSTRAINT `auth_user_user_permissions_user_id_a95ead1b_fk_auth_user_id` FOREIGN KEY (`user_id`) REFERENCES `auth_user` (`id`)
) ENGINE=InnoDB DEFAULT CHARSET=utf8mb4 COLLATE=utf8mb4_0900_ai_ci;
/*!40101 SET character_set_client = @saved_cs_client */;

--
-- Dumping data for table `auth_user_user_permissions`
--

LOCK TABLES `auth_user_user_permissions` WRITE;
/*!40000 ALTER TABLE `auth_user_user_permissions` DISABLE KEYS */;
/*!40000 ALTER TABLE `auth_user_user_permissions` ENABLE KEYS */;
UNLOCK TABLES;

--
-- Table structure for table `django_admin_log`
--

DROP TABLE IF EXISTS `django_admin_log`;
/*!40101 SET @saved_cs_client     = @@character_set_client */;
/*!50503 SET character_set_client = utf8mb4 */;
CREATE TABLE `django_admin_log` (
  `id` int NOT NULL AUTO_INCREMENT,
  `action_time` datetime(6) NOT NULL,
  `object_id` longtext,
  `object_repr` varchar(200) NOT NULL,
  `action_flag` smallint unsigned NOT NULL,
  `change_message` longtext NOT NULL,
  `content_type_id` int DEFAULT NULL,
  `user_id` int NOT NULL,
  PRIMARY KEY (`id`),
  KEY `django_admin_log_content_type_id_c4bce8eb_fk_django_co` (`content_type_id`),
  KEY `django_admin_log_user_id_c564eba6_fk_auth_user_id` (`user_id`),
  CONSTRAINT `django_admin_log_content_type_id_c4bce8eb_fk_django_co` FOREIGN KEY (`content_type_id`) REFERENCES `django_content_type` (`id`),
  CONSTRAINT `django_admin_log_user_id_c564eba6_fk_auth_user_id` FOREIGN KEY (`user_id`) REFERENCES `auth_user` (`id`),
  CONSTRAINT `django_admin_log_chk_1` CHECK ((`action_flag` >= 0))
) ENGINE=InnoDB AUTO_INCREMENT=471 DEFAULT CHARSET=utf8mb4 COLLATE=utf8mb4_0900_ai_ci;
/*!40101 SET character_set_client = @saved_cs_client */;

--
-- Dumping data for table `django_admin_log`
--

LOCK TABLES `django_admin_log` WRITE;
/*!40000 ALTER TABLE `django_admin_log` DISABLE KEYS */;
INSERT INTO `django_admin_log` VALUES (1,'2024-12-04 12:59:34.123376','100','/home/syy/dev/TrueSwiftie/audio/evermore/03. gold rush.flac',2,'[{\"changed\": {\"fields\": [\"Song title\"]}}]',7,1),(2,'2024-12-04 13:00:04.921484','99','/home/syy/dev/TrueSwiftie/audio/evermore/13. marjorie.flac',2,'[{\"changed\": {\"fields\": [\"Song title\"]}}]',7,1),(3,'2024-12-04 13:03:56.760162','200','03. gold rush.flac',3,'',7,1),(4,'2024-12-04 13:03:56.760196','199','13. marjorie.flac',3,'',7,1),(5,'2024-12-04 13:03:56.760208','198','02. champagne problems.flac',3,'',7,1),(6,'2024-12-04 13:03:56.760218','197','05. tolerate it.flac',3,'',7,1),(7,'2024-12-04 13:03:56.760227','196','08. dorothea.flac',3,'',7,1),(8,'2024-12-04 13:03:56.760236','195','14. closure.flac',3,'',7,1),(9,'2024-12-04 13:03:56.760245','194','04. ‘tis the damn season.flac',3,'',7,1),(10,'2024-12-04 13:03:56.760253','193','12. long story short.flac',3,'',7,1),(11,'2024-12-04 13:03:56.760262','192','01. willow.flac',3,'',7,1),(12,'2024-12-04 13:03:56.760270','191','09. coney island (feat. The National).flac',3,'',7,1),(13,'2024-12-04 13:03:56.760279','190','10. ivy.flac',3,'',7,1),(14,'2024-12-04 13:03:56.760287','189','11. cowboy like me.flac',3,'',7,1),(15,'2024-12-04 13:03:56.760295','188','06. no body, no crime (feat. HAIM).flac',3,'',7,1),(16,'2024-12-04 13:03:56.760303','187','07. happiness.flac',3,'',7,1),(17,'2024-12-04 13:03:56.760311','186','15. evermore (feat. Bon Iver).flac',3,'',7,1),(18,'2024-12-04 13:03:56.760320','185','15 New Year\'s Day.mp3',3,'',7,1),(19,'2024-12-04 13:03:56.760328','184','3 I Did Something Bad.mp3',3,'',7,1),(20,'2024-12-04 13:03:56.760337','183','4 Don\'t Blame Me.mp3',3,'',7,1),(21,'2024-12-04 13:03:56.760345','182','13 This Is Why We Can\'t Have Nice Things.mp3',3,'',7,1),(22,'2024-12-04 13:03:56.760353','181','2 End Game.mp3',3,'',7,1),(23,'2024-12-04 13:03:56.760361','180','12 Dress.mp3',3,'',7,1),(24,'2024-12-04 13:03:56.760369','179','8 Gorgeous.mp3',3,'',7,1),(25,'2024-12-04 13:03:56.760378','178','1  ...Ready For It_.mp3',3,'',7,1),(26,'2024-12-04 13:03:56.760386','177','11 Dancing With Our Hands Tied.mp3',3,'',7,1),(27,'2024-12-04 13:03:56.760395','176','5 Delicate.mp3',3,'',7,1),(28,'2024-12-04 13:03:56.760404','175','7 So It Goes.mp3',3,'',7,1),(29,'2024-12-04 13:03:56.760413','174','6 Look What You Made Me Do.mp3',3,'',7,1),(30,'2024-12-04 13:03:56.760421','173','9 Getaway Car.mp3',3,'',7,1),(31,'2024-12-04 13:03:56.760429','172','14 Call It What You Want.mp3',3,'',7,1),(32,'2024-12-04 13:03:56.760437','171','10 King Of My Heart.mp3',3,'',7,1),(33,'2024-12-04 13:03:56.760445','170','01. I Forgot That You Existed.mp3',3,'',7,1),(34,'2024-12-04 13:03:56.760454','169','14. You Need To Calm Down.mp3',3,'',7,1),(35,'2024-12-04 13:03:56.760463','168','03. Lover.mp3',3,'',7,1),(36,'2024-12-04 13:03:56.760472','167','02. Cruel Summer.mp3',3,'',7,1),(37,'2024-12-04 13:03:56.760480','166','07. Miss Americana.mp3',3,'',7,1),(38,'2024-12-04 13:03:56.760488','165','13. False God.mp3',3,'',7,1),(39,'2024-12-04 13:03:56.760496','164','10. Death By A Thousand Cuts.mp3',3,'',7,1),(40,'2024-12-04 13:03:56.760504','163','04. The Man.mp3',3,'',7,1),(41,'2024-12-04 13:03:56.760512','162','16. ME! (feat. Brendon Urie of Panic! At The Disco).mp3',3,'',7,1),(42,'2024-12-04 13:03:56.760521','161','05. The Archer.mp3',3,'',7,1),(43,'2024-12-04 13:03:56.760529','160','12. Soon You_ll Get Better.mp3',3,'',7,1),(44,'2024-12-04 13:03:56.760538','159','18. Daylight.mp3',3,'',7,1),(45,'2024-12-04 13:03:56.760546','158','17. It\'s Nice To Have A Friend.mp3',3,'',7,1),(46,'2024-12-04 13:03:56.760554','157','06. I Think He Knows.mp3',3,'',7,1),(47,'2024-12-04 13:03:56.760562','156','11. London Boy.mp3',3,'',7,1),(48,'2024-12-04 13:03:56.760570','155','08. Paper Hearts.mp3',3,'',7,1),(49,'2024-12-04 13:03:56.760579','154','09. Cornelia Street.mp3',3,'',7,1),(50,'2024-12-04 13:03:56.760587','153','15. Afterglow.mp3',3,'',7,1),(51,'2024-12-04 13:03:56.760595','152','15. Bigger Than the Whole Sky.flac',3,'',7,1),(52,'2024-12-04 13:03:56.760604','151','12. Sweet Nothing.flac',3,'',7,1),(53,'2024-12-04 13:03:56.760612','150','14. The Great War.flac',3,'',7,1),(54,'2024-12-04 13:03:56.760620','149','02. Maroon.flac',3,'',7,1),(55,'2024-12-04 13:03:56.760629','148','07. Question….flac',3,'',7,1),(56,'2024-12-04 13:03:56.760638','147','03. Anti-Hero.flac',3,'',7,1),(57,'2024-12-04 13:03:56.760646','146','04. Snow on the Beach (feat. Lana Del Rey).flac',3,'',7,1),(58,'2024-12-04 13:03:56.760654','145','01. Lavender Haze.flac',3,'',7,1),(59,'2024-12-04 13:03:56.760662','144','10. Labyrinth.flac',3,'',7,1),(60,'2024-12-04 13:03:56.760671','143','13. Mastermind.flac',3,'',7,1),(61,'2024-12-04 13:03:56.760679','142','08. Vigilante Shit.flac',3,'',7,1),(62,'2024-12-04 13:03:56.760687','141','18. Glitch.flac',3,'',7,1),(63,'2024-12-04 13:03:56.760695','140','05. You\'re on Your Own, Kid.flac',3,'',7,1),(64,'2024-12-04 13:03:56.760704','139','11. Karma.flac',3,'',7,1),(65,'2024-12-04 13:03:56.760712','138','06. Midnight Rain.flac',3,'',7,1),(66,'2024-12-04 13:03:56.760721','137','16. Paris.flac',3,'',7,1),(67,'2024-12-04 13:03:56.760729','136','17. High Infidelity.flac',3,'',7,1),(68,'2024-12-04 13:03:56.760738','135','19. Would\'ve, Could\'ve, Should\'ve.flac',3,'',7,1),(69,'2024-12-04 13:03:56.760746','134','20. Dear Reader.flac',3,'',7,1),(70,'2024-12-04 13:03:56.760754','133','09. Bejeweled.flac',3,'',7,1),(71,'2024-12-04 13:03:56.760762','132','Taylor Swift - Style.mp3',3,'',7,1),(72,'2024-12-04 13:03:56.760770','131','Taylor Swift - How You Get The Girl.mp3',3,'',7,1),(73,'2024-12-04 13:03:56.760778','130','Taylor Swift - New Romantics.mp3',3,'',7,1),(74,'2024-12-04 13:03:56.760786','129','Taylor Swift - Bad Blood.mp3',3,'',7,1),(75,'2024-12-04 13:03:56.760796','128','Taylor Swift - Out Of The Woods.mp3',3,'',7,1),(76,'2024-12-04 13:03:56.760805','127','Taylor Swift - This Love.mp3',3,'',7,1),(77,'2024-12-04 13:03:56.760814','126','Taylor Swift - Shake It Off.mp3',3,'',7,1),(78,'2024-12-04 13:03:56.760823','125','Taylor Swift - Blank Space.mp3',3,'',7,1),(79,'2024-12-04 13:03:56.760832','124','Taylor Swift - I Know Places.mp3',3,'',7,1),(80,'2024-12-04 13:03:56.760840','123','Taylor Swift - Welcome To New York.mp3',3,'',7,1),(81,'2024-12-04 13:03:56.760849','122','Taylor Swift - All You Had to Do Was Stay.mp3',3,'',7,1),(82,'2024-12-04 13:03:56.760857','121','Taylor Swift - You Are In Love.mp3',3,'',7,1),(83,'2024-12-04 13:03:56.760937','120','Taylor Swift - I Wish You Would.mp3',3,'',7,1),(84,'2024-12-04 13:03:56.760949','119','Taylor Swift - Wildest Dreams.mp3',3,'',7,1),(85,'2024-12-04 13:03:56.760959','118','Taylor Swift - Wonderland.mp3',3,'',7,1),(86,'2024-12-04 13:03:56.760967','117','Taylor Swift - Clean.mp3',3,'',7,1),(87,'2024-12-04 13:03:56.760976','116','10 illicit affairs.mp3',3,'',7,1),(88,'2024-12-04 13:03:56.760985','115','03 the last great american dynasty.mp3',3,'',7,1),(89,'2024-12-04 13:03:56.760993','114','12 mad woman.mp3',3,'',7,1),(90,'2024-12-04 13:03:56.761001','113','01 the 1.mp3',3,'',7,1),(91,'2024-12-04 13:03:56.761010','112','06 mirrorball.mp3',3,'',7,1),(92,'2024-12-04 13:03:56.761018','111','09 this is me trying.mp3',3,'',7,1),(93,'2024-12-04 13:03:56.761027','110','07 seven.mp3',3,'',7,1),(94,'2024-12-04 13:03:56.761035','109','16 hoax.mp3',3,'',7,1),(95,'2024-12-04 13:03:56.761043','108','02 cardigan.mp3',3,'',7,1),(96,'2024-12-04 13:03:56.761052','107','13 epiphany.mp3',3,'',7,1),(97,'2024-12-04 13:03:56.761060','106','04 exile.mp3',3,'',7,1),(98,'2024-12-04 13:03:56.761068','105','11 invisible string.mp3',3,'',7,1),(99,'2024-12-04 13:03:56.761077','104','14 betty.mp3',3,'',7,1),(100,'2024-12-04 13:03:56.761085','103','08 august.mp3',3,'',7,1),(101,'2024-12-04 13:03:56.761094','102','05 my tears ricochet.mp3',3,'',7,1),(102,'2024-12-04 13:03:56.761103','101','15 peace.mp3',3,'',7,1),(103,'2024-12-04 13:04:03.535904','100','/home/syy/dev/TrueSwiftie/audio/evermore/03. gold rush.flac',3,'',7,1),(104,'2024-12-04 13:04:03.535948','99','/home/syy/dev/TrueSwiftie/audio/evermore/13. marjorie.flac',3,'',7,1),(105,'2024-12-04 13:04:03.535961','98','/home/syy/dev/TrueSwiftie/audio/evermore/02. champagne problems.flac',3,'',7,1),(106,'2024-12-04 13:04:03.535970','97','/home/syy/dev/TrueSwiftie/audio/evermore/05. tolerate it.flac',3,'',7,1),(107,'2024-12-04 13:04:03.535980','96','/home/syy/dev/TrueSwiftie/audio/evermore/08. dorothea.flac',3,'',7,1),(108,'2024-12-04 13:04:03.535990','95','/home/syy/dev/TrueSwiftie/audio/evermore/14. closure.flac',3,'',7,1),(109,'2024-12-04 13:04:03.536000','94','/home/syy/dev/TrueSwiftie/audio/evermore/04. ‘tis the damn season.flac',3,'',7,1),(110,'2024-12-04 13:04:03.536009','93','/home/syy/dev/TrueSwiftie/audio/evermore/12. long story short.flac',3,'',7,1),(111,'2024-12-04 13:04:03.536019','92','/home/syy/dev/TrueSwiftie/audio/evermore/01. willow.flac',3,'',7,1),(112,'2024-12-04 13:04:03.536029','91','/home/syy/dev/TrueSwiftie/audio/evermore/09. coney island (feat. The National).flac',3,'',7,1),(113,'2024-12-04 13:04:03.536039','90','/home/syy/dev/TrueSwiftie/audio/evermore/10. ivy.flac',3,'',7,1),(114,'2024-12-04 13:04:03.536049','89','/home/syy/dev/TrueSwiftie/audio/evermore/11. cowboy like me.flac',3,'',7,1),(115,'2024-12-04 13:04:03.536058','88','/home/syy/dev/TrueSwiftie/audio/evermore/06. no body, no crime (feat. HAIM).flac',3,'',7,1),(116,'2024-12-04 13:04:03.536068','87','/home/syy/dev/TrueSwiftie/audio/evermore/07. happiness.flac',3,'',7,1),(117,'2024-12-04 13:04:03.536078','86','/home/syy/dev/TrueSwiftie/audio/evermore/15. evermore (feat. Bon Iver).flac',3,'',7,1),(118,'2024-12-04 13:04:03.536087','85','/home/syy/dev/TrueSwiftie/audio/reputation/15 New Year\'s Day.mp3',3,'',7,1),(119,'2024-12-04 13:04:03.536096','84','/home/syy/dev/TrueSwiftie/audio/reputation/3 I Did Something Bad.mp3',3,'',7,1),(120,'2024-12-04 13:04:03.536106','83','/home/syy/dev/TrueSwiftie/audio/reputation/4 Don\'t Blame Me.mp3',3,'',7,1),(121,'2024-12-04 13:04:03.536116','82','/home/syy/dev/TrueSwiftie/audio/reputation/13 This Is Why We Can\'t Have Nice Things.mp3',3,'',7,1),(122,'2024-12-04 13:04:03.536125','81','/home/syy/dev/TrueSwiftie/audio/reputation/2 End Game.mp3',3,'',7,1),(123,'2024-12-04 13:04:03.536134','80','/home/syy/dev/TrueSwiftie/audio/reputation/12 Dress.mp3',3,'',7,1),(124,'2024-12-04 13:04:03.536143','79','/home/syy/dev/TrueSwiftie/audio/reputation/8 Gorgeous.mp3',3,'',7,1),(125,'2024-12-04 13:04:03.536152','78','/home/syy/dev/TrueSwiftie/audio/reputation/1  ...Ready For It_.mp3',3,'',7,1),(126,'2024-12-04 13:04:03.536160','77','/home/syy/dev/TrueSwiftie/audio/reputation/11 Dancing With Our Hands Tied.mp3',3,'',7,1),(127,'2024-12-04 13:04:03.536170','76','/home/syy/dev/TrueSwiftie/audio/reputation/5 Delicate.mp3',3,'',7,1),(128,'2024-12-04 13:04:03.536179','75','/home/syy/dev/TrueSwiftie/audio/reputation/7 So It Goes.mp3',3,'',7,1),(129,'2024-12-04 13:04:03.536188','74','/home/syy/dev/TrueSwiftie/audio/reputation/6 Look What You Made Me Do.mp3',3,'',7,1),(130,'2024-12-04 13:04:03.536197','73','/home/syy/dev/TrueSwiftie/audio/reputation/9 Getaway Car.mp3',3,'',7,1),(131,'2024-12-04 13:04:03.536207','72','/home/syy/dev/TrueSwiftie/audio/reputation/14 Call It What You Want.mp3',3,'',7,1),(132,'2024-12-04 13:04:03.536216','71','/home/syy/dev/TrueSwiftie/audio/reputation/10 King Of My Heart.mp3',3,'',7,1),(133,'2024-12-04 13:04:03.536226','70','/home/syy/dev/TrueSwiftie/audio/Lover/01. I Forgot That You Existed.mp3',3,'',7,1),(134,'2024-12-04 13:04:03.536235','69','/home/syy/dev/TrueSwiftie/audio/Lover/14. You Need To Calm Down.mp3',3,'',7,1),(135,'2024-12-04 13:04:03.536244','68','/home/syy/dev/TrueSwiftie/audio/Lover/03. Lover.mp3',3,'',7,1),(136,'2024-12-04 13:04:03.536254','67','/home/syy/dev/TrueSwiftie/audio/Lover/02. Cruel Summer.mp3',3,'',7,1),(137,'2024-12-04 13:04:03.536263','66','/home/syy/dev/TrueSwiftie/audio/Lover/07. Miss Americana.mp3',3,'',7,1),(138,'2024-12-04 13:04:03.536272','65','/home/syy/dev/TrueSwiftie/audio/Lover/13. False God.mp3',3,'',7,1),(139,'2024-12-04 13:04:03.536280','64','/home/syy/dev/TrueSwiftie/audio/Lover/10. Death By A Thousand Cuts.mp3',3,'',7,1),(140,'2024-12-04 13:04:03.536289','63','/home/syy/dev/TrueSwiftie/audio/Lover/04. The Man.mp3',3,'',7,1),(141,'2024-12-04 13:04:03.536298','62','/home/syy/dev/TrueSwiftie/audio/Lover/16. ME! (feat. Brendon Urie of Panic! At The Disco).mp3',3,'',7,1),(142,'2024-12-04 13:04:03.536307','61','/home/syy/dev/TrueSwiftie/audio/Lover/05. The Archer.mp3',3,'',7,1),(143,'2024-12-04 13:04:03.536316','60','/home/syy/dev/TrueSwiftie/audio/Lover/12. Soon You_ll Get Better.mp3',3,'',7,1),(144,'2024-12-04 13:04:03.536325','59','/home/syy/dev/TrueSwiftie/audio/Lover/18. Daylight.mp3',3,'',7,1),(145,'2024-12-04 13:04:03.536333','58','/home/syy/dev/TrueSwiftie/audio/Lover/17. It\'s Nice To Have A Friend.mp3',3,'',7,1),(146,'2024-12-04 13:04:03.536342','57','/home/syy/dev/TrueSwiftie/audio/Lover/06. I Think He Knows.mp3',3,'',7,1),(147,'2024-12-04 13:04:03.536351','56','/home/syy/dev/TrueSwiftie/audio/Lover/11. London Boy.mp3',3,'',7,1),(148,'2024-12-04 13:04:03.536359','55','/home/syy/dev/TrueSwiftie/audio/Lover/08. Paper Hearts.mp3',3,'',7,1),(149,'2024-12-04 13:04:03.536369','54','/home/syy/dev/TrueSwiftie/audio/Lover/09. Cornelia Street.mp3',3,'',7,1),(150,'2024-12-04 13:04:03.536378','53','/home/syy/dev/TrueSwiftie/audio/Lover/15. Afterglow.mp3',3,'',7,1),(151,'2024-12-04 13:04:03.536387','52','/home/syy/dev/TrueSwiftie/audio/Midnights/15. Bigger Than the Whole Sky.flac',3,'',7,1),(152,'2024-12-04 13:04:03.536396','51','/home/syy/dev/TrueSwiftie/audio/Midnights/12. Sweet Nothing.flac',3,'',7,1),(153,'2024-12-04 13:04:03.536405','50','/home/syy/dev/TrueSwiftie/audio/Midnights/14. The Great War.flac',3,'',7,1),(154,'2024-12-04 13:04:03.536414','49','/home/syy/dev/TrueSwiftie/audio/Midnights/02. Maroon.flac',3,'',7,1),(155,'2024-12-04 13:04:03.536423','48','/home/syy/dev/TrueSwiftie/audio/Midnights/07. Question….flac',3,'',7,1),(156,'2024-12-04 13:04:03.536432','47','/home/syy/dev/TrueSwiftie/audio/Midnights/03. Anti-Hero.flac',3,'',7,1),(157,'2024-12-04 13:04:03.536441','46','/home/syy/dev/TrueSwiftie/audio/Midnights/04. Snow on the Beach (feat. Lana Del Rey).flac',3,'',7,1),(158,'2024-12-04 13:04:03.536449','45','/home/syy/dev/TrueSwiftie/audio/Midnights/01. Lavender Haze.flac',3,'',7,1),(159,'2024-12-04 13:04:03.536458','44','/home/syy/dev/TrueSwiftie/audio/Midnights/10. Labyrinth.flac',3,'',7,1),(160,'2024-12-04 13:04:03.536467','43','/home/syy/dev/TrueSwiftie/audio/Midnights/13. Mastermind.flac',3,'',7,1),(161,'2024-12-04 13:04:03.536475','42','/home/syy/dev/TrueSwiftie/audio/Midnights/08. Vigilante Shit.flac',3,'',7,1),(162,'2024-12-04 13:04:03.536484','41','/home/syy/dev/TrueSwiftie/audio/Midnights/18. Glitch.flac',3,'',7,1),(163,'2024-12-04 13:04:03.536493','40','/home/syy/dev/TrueSwiftie/audio/Midnights/05. You\'re on Your Own, Kid.flac',3,'',7,1),(164,'2024-12-04 13:04:03.536502','39','/home/syy/dev/TrueSwiftie/audio/Midnights/11. Karma.flac',3,'',7,1),(165,'2024-12-04 13:04:03.536511','38','/home/syy/dev/TrueSwiftie/audio/Midnights/06. Midnight Rain.flac',3,'',7,1),(166,'2024-12-04 13:04:03.536520','37','/home/syy/dev/TrueSwiftie/audio/Midnights/16. Paris.flac',3,'',7,1),(167,'2024-12-04 13:04:03.536528','36','/home/syy/dev/TrueSwiftie/audio/Midnights/17. High Infidelity.flac',3,'',7,1),(168,'2024-12-04 13:04:03.536537','35','/home/syy/dev/TrueSwiftie/audio/Midnights/19. Would\'ve, Could\'ve, Should\'ve.flac',3,'',7,1),(169,'2024-12-04 13:04:03.536546','34','/home/syy/dev/TrueSwiftie/audio/Midnights/20. Dear Reader.flac',3,'',7,1),(170,'2024-12-04 13:04:03.536555','33','/home/syy/dev/TrueSwiftie/audio/Midnights/09. Bejeweled.flac',3,'',7,1),(171,'2024-12-04 13:04:03.536564','32','/home/syy/dev/TrueSwiftie/audio/1989/Taylor Swift - Style.mp3',3,'',7,1),(172,'2024-12-04 13:04:03.536573','31','/home/syy/dev/TrueSwiftie/audio/1989/Taylor Swift - How You Get The Girl.mp3',3,'',7,1),(173,'2024-12-04 13:04:03.536582','30','/home/syy/dev/TrueSwiftie/audio/1989/Taylor Swift - New Romantics.mp3',3,'',7,1),(174,'2024-12-04 13:04:03.536590','29','/home/syy/dev/TrueSwiftie/audio/1989/Taylor Swift - Bad Blood.mp3',3,'',7,1),(175,'2024-12-04 13:04:03.536599','28','/home/syy/dev/TrueSwiftie/audio/1989/Taylor Swift - Out Of The Woods.mp3',3,'',7,1),(176,'2024-12-04 13:04:03.536608','27','/home/syy/dev/TrueSwiftie/audio/1989/Taylor Swift - This Love.mp3',3,'',7,1),(177,'2024-12-04 13:04:03.536699','26','/home/syy/dev/TrueSwiftie/audio/1989/Taylor Swift - Shake It Off.mp3',3,'',7,1),(178,'2024-12-04 13:04:03.536710','25','/home/syy/dev/TrueSwiftie/audio/1989/Taylor Swift - Blank Space.mp3',3,'',7,1),(179,'2024-12-04 13:04:03.536720','24','/home/syy/dev/TrueSwiftie/audio/1989/Taylor Swift - I Know Places.mp3',3,'',7,1),(180,'2024-12-04 13:04:03.536731','23','/home/syy/dev/TrueSwiftie/audio/1989/Taylor Swift - Welcome To New York.mp3',3,'',7,1),(181,'2024-12-04 13:04:03.536740','22','/home/syy/dev/TrueSwiftie/audio/1989/Taylor Swift - All You Had to Do Was Stay.mp3',3,'',7,1),(182,'2024-12-04 13:04:03.536748','21','/home/syy/dev/TrueSwiftie/audio/1989/Taylor Swift - You Are In Love.mp3',3,'',7,1),(183,'2024-12-04 13:04:03.536757','20','/home/syy/dev/TrueSwiftie/audio/1989/Taylor Swift - I Wish You Would.mp3',3,'',7,1),(184,'2024-12-04 13:04:03.536766','19','/home/syy/dev/TrueSwiftie/audio/1989/Taylor Swift - Wildest Dreams.mp3',3,'',7,1),(185,'2024-12-04 13:04:03.536775','18','/home/syy/dev/TrueSwiftie/audio/1989/Taylor Swift - Wonderland.mp3',3,'',7,1),(186,'2024-12-04 13:04:03.536784','17','/home/syy/dev/TrueSwiftie/audio/1989/Taylor Swift - Clean.mp3',3,'',7,1),(187,'2024-12-04 13:04:03.536793','16','/home/syy/dev/TrueSwiftie/audio/folklore/10 illicit affairs.mp3',3,'',7,1),(188,'2024-12-04 13:04:03.536802','15','/home/syy/dev/TrueSwiftie/audio/folklore/03 the last great american dynasty.mp3',3,'',7,1),(189,'2024-12-04 13:04:03.536811','14','/home/syy/dev/TrueSwiftie/audio/folklore/12 mad woman.mp3',3,'',7,1),(190,'2024-12-04 13:04:03.536820','13','/home/syy/dev/TrueSwiftie/audio/folklore/01 the 1.mp3',3,'',7,1),(191,'2024-12-04 13:04:03.536828','12','/home/syy/dev/TrueSwiftie/audio/folklore/06 mirrorball.mp3',3,'',7,1),(192,'2024-12-04 13:04:03.536837','11','/home/syy/dev/TrueSwiftie/audio/folklore/09 this is me trying.mp3',3,'',7,1),(193,'2024-12-04 13:04:03.536846','10','/home/syy/dev/TrueSwiftie/audio/folklore/07 seven.mp3',3,'',7,1),(194,'2024-12-04 13:04:03.536855','9','/home/syy/dev/TrueSwiftie/audio/folklore/16 hoax.mp3',3,'',7,1),(195,'2024-12-04 13:04:03.536864','8','/home/syy/dev/TrueSwiftie/audio/folklore/02 cardigan.mp3',3,'',7,1),(196,'2024-12-04 13:04:03.536878','7','/home/syy/dev/TrueSwiftie/audio/folklore/13 epiphany.mp3',3,'',7,1),(197,'2024-12-04 13:04:03.536892','6','/home/syy/dev/TrueSwiftie/audio/folklore/04 exile.mp3',3,'',7,1),(198,'2024-12-04 13:04:03.536905','5','/home/syy/dev/TrueSwiftie/audio/folklore/11 invisible string.mp3',3,'',7,1),(199,'2024-12-04 13:04:03.536914','4','/home/syy/dev/TrueSwiftie/audio/folklore/14 betty.mp3',3,'',7,1),(200,'2024-12-04 13:04:03.536922','3','/home/syy/dev/TrueSwiftie/audio/folklore/08 august.mp3',3,'',7,1),(201,'2024-12-04 13:04:03.536931','2','/home/syy/dev/TrueSwiftie/audio/folklore/05 my tears ricochet.mp3',3,'',7,1),(202,'2024-12-04 13:04:03.536940','1','/home/syy/dev/TrueSwiftie/audio/folklore/15 peace.mp3',3,'',7,1),(203,'2024-12-04 13:05:32.121861','301','songs/03._Lover.mp3',1,'[{\"added\": {}}]',7,1),(204,'2024-12-04 13:12:47.751325','301','songs/03._Lover.mp3',3,'',7,1),(205,'2024-12-04 13:12:47.751362','300','03. gold rush.flac',3,'',7,1),(206,'2024-12-04 13:12:47.751376','299','13. marjorie.flac',3,'',7,1),(207,'2024-12-04 13:12:47.751387','298','02. champagne problems.flac',3,'',7,1),(208,'2024-12-04 13:12:47.751398','297','05. tolerate it.flac',3,'',7,1),(209,'2024-12-04 13:12:47.751408','296','08. dorothea.flac',3,'',7,1),(210,'2024-12-04 13:12:47.751417','295','14. closure.flac',3,'',7,1),(211,'2024-12-04 13:12:47.751426','294','04. ‘tis the damn season.flac',3,'',7,1),(212,'2024-12-04 13:12:47.751435','293','12. long story short.flac',3,'',7,1),(213,'2024-12-04 13:12:47.751446','292','01. willow.flac',3,'',7,1),(214,'2024-12-04 13:12:47.751455','291','09. coney island (feat. The National).flac',3,'',7,1),(215,'2024-12-04 13:12:47.751464','290','10. ivy.flac',3,'',7,1),(216,'2024-12-04 13:12:47.751473','289','11. cowboy like me.flac',3,'',7,1),(217,'2024-12-04 13:12:47.751482','288','06. no body, no crime (feat. HAIM).flac',3,'',7,1),(218,'2024-12-04 13:12:47.751492','287','07. happiness.flac',3,'',7,1),(219,'2024-12-04 13:12:47.751501','286','15. evermore (feat. Bon Iver).flac',3,'',7,1),(220,'2024-12-04 13:12:47.751509','285','15 New Year\'s Day.mp3',3,'',7,1),(221,'2024-12-04 13:12:47.751519','284','3 I Did Something Bad.mp3',3,'',7,1),(222,'2024-12-04 13:12:47.751528','283','4 Don\'t Blame Me.mp3',3,'',7,1),(223,'2024-12-04 13:12:47.751537','282','13 This Is Why We Can\'t Have Nice Things.mp3',3,'',7,1),(224,'2024-12-04 13:12:47.751546','281','2 End Game.mp3',3,'',7,1),(225,'2024-12-04 13:12:47.751554','280','12 Dress.mp3',3,'',7,1),(226,'2024-12-04 13:12:47.751564','279','8 Gorgeous.mp3',3,'',7,1),(227,'2024-12-04 13:12:47.751573','278','1  ...Ready For It_.mp3',3,'',7,1),(228,'2024-12-04 13:12:47.751582','277','11 Dancing With Our Hands Tied.mp3',3,'',7,1),(229,'2024-12-04 13:12:47.751591','276','5 Delicate.mp3',3,'',7,1),(230,'2024-12-04 13:12:47.751600','275','7 So It Goes.mp3',3,'',7,1),(231,'2024-12-04 13:12:47.751610','274','6 Look What You Made Me Do.mp3',3,'',7,1),(232,'2024-12-04 13:12:47.751620','273','9 Getaway Car.mp3',3,'',7,1),(233,'2024-12-04 13:12:47.751629','272','14 Call It What You Want.mp3',3,'',7,1),(234,'2024-12-04 13:12:47.751639','271','10 King Of My Heart.mp3',3,'',7,1),(235,'2024-12-04 13:12:47.751648','270','01. I Forgot That You Existed.mp3',3,'',7,1),(236,'2024-12-04 13:12:47.751657','269','14. You Need To Calm Down.mp3',3,'',7,1),(237,'2024-12-04 13:12:47.751680','268','03. Lover.mp3',3,'',7,1),(238,'2024-12-04 13:12:47.751696','267','02. Cruel Summer.mp3',3,'',7,1),(239,'2024-12-04 13:12:47.751707','266','07. Miss Americana.mp3',3,'',7,1),(240,'2024-12-04 13:12:47.751716','265','13. False God.mp3',3,'',7,1),(241,'2024-12-04 13:12:47.751725','264','10. Death By A Thousand Cuts.mp3',3,'',7,1),(242,'2024-12-04 13:12:47.751734','263','04. The Man.mp3',3,'',7,1),(243,'2024-12-04 13:12:47.751744','262','16. ME! (feat. Brendon Urie of Panic! At The Disco).mp3',3,'',7,1),(244,'2024-12-04 13:12:47.751753','261','05. The Archer.mp3',3,'',7,1),(245,'2024-12-04 13:12:47.751762','260','12. Soon You_ll Get Better.mp3',3,'',7,1),(246,'2024-12-04 13:12:47.751771','259','18. Daylight.mp3',3,'',7,1),(247,'2024-12-04 13:12:47.751780','258','17. It\'s Nice To Have A Friend.mp3',3,'',7,1),(248,'2024-12-04 13:12:47.751790','257','06. I Think He Knows.mp3',3,'',7,1),(249,'2024-12-04 13:12:47.751799','256','11. London Boy.mp3',3,'',7,1),(250,'2024-12-04 13:12:47.751808','255','08. Paper Hearts.mp3',3,'',7,1),(251,'2024-12-04 13:12:47.751817','254','09. Cornelia Street.mp3',3,'',7,1),(252,'2024-12-04 13:12:47.751826','253','15. Afterglow.mp3',3,'',7,1),(253,'2024-12-04 13:12:47.751835','252','15. Bigger Than the Whole Sky.flac',3,'',7,1),(254,'2024-12-04 13:12:47.751844','251','12. Sweet Nothing.flac',3,'',7,1),(255,'2024-12-04 13:12:47.751853','250','14. The Great War.flac',3,'',7,1),(256,'2024-12-04 13:12:47.751862','249','02. Maroon.flac',3,'',7,1),(257,'2024-12-04 13:12:47.751871','248','07. Question….flac',3,'',7,1),(258,'2024-12-04 13:12:47.751879','247','03. Anti-Hero.flac',3,'',7,1),(259,'2024-12-04 13:12:47.751888','246','04. Snow on the Beach (feat. Lana Del Rey).flac',3,'',7,1),(260,'2024-12-04 13:12:47.751898','245','01. Lavender Haze.flac',3,'',7,1),(261,'2024-12-04 13:12:47.751956','244','10. Labyrinth.flac',3,'',7,1),(262,'2024-12-04 13:12:47.751969','243','13. Mastermind.flac',3,'',7,1),(263,'2024-12-04 13:12:47.751980','242','08. Vigilante Shit.flac',3,'',7,1),(264,'2024-12-04 13:12:47.751989','241','18. Glitch.flac',3,'',7,1),(265,'2024-12-04 13:12:47.751999','240','05. You\'re on Your Own, Kid.flac',3,'',7,1),(266,'2024-12-04 13:12:47.752008','239','11. Karma.flac',3,'',7,1),(267,'2024-12-04 13:12:47.752017','238','06. Midnight Rain.flac',3,'',7,1),(268,'2024-12-04 13:12:47.752027','237','16. Paris.flac',3,'',7,1),(269,'2024-12-04 13:12:47.752036','236','17. High Infidelity.flac',3,'',7,1),(270,'2024-12-04 13:12:47.752045','235','19. Would\'ve, Could\'ve, Should\'ve.flac',3,'',7,1),(271,'2024-12-04 13:12:47.752054','234','20. Dear Reader.flac',3,'',7,1),(272,'2024-12-04 13:12:47.752063','233','09. Bejeweled.flac',3,'',7,1),(273,'2024-12-04 13:12:47.752073','232','Taylor Swift - Style.mp3',3,'',7,1),(274,'2024-12-04 13:12:47.752082','231','Taylor Swift - How You Get The Girl.mp3',3,'',7,1),(275,'2024-12-04 13:12:47.752091','230','Taylor Swift - New Romantics.mp3',3,'',7,1),(276,'2024-12-04 13:12:47.752100','229','Taylor Swift - Bad Blood.mp3',3,'',7,1),(277,'2024-12-04 13:12:47.752110','228','Taylor Swift - Out Of The Woods.mp3',3,'',7,1),(278,'2024-12-04 13:12:47.752118','227','Taylor Swift - This Love.mp3',3,'',7,1),(279,'2024-12-04 13:12:47.752127','226','Taylor Swift - Shake It Off.mp3',3,'',7,1),(280,'2024-12-04 13:12:47.752136','225','Taylor Swift - Blank Space.mp3',3,'',7,1),(281,'2024-12-04 13:12:47.752146','224','Taylor Swift - I Know Places.mp3',3,'',7,1),(282,'2024-12-04 13:12:47.752154','223','Taylor Swift - Welcome To New York.mp3',3,'',7,1),(283,'2024-12-04 13:12:47.752164','222','Taylor Swift - All You Had to Do Was Stay.mp3',3,'',7,1),(284,'2024-12-04 13:12:47.752382','221','Taylor Swift - You Are In Love.mp3',3,'',7,1),(285,'2024-12-04 13:12:47.752400','220','Taylor Swift - I Wish You Would.mp3',3,'',7,1),(286,'2024-12-04 13:12:47.752412','219','Taylor Swift - Wildest Dreams.mp3',3,'',7,1),(287,'2024-12-04 13:12:47.752422','218','Taylor Swift - Wonderland.mp3',3,'',7,1),(288,'2024-12-04 13:12:47.752431','217','Taylor Swift - Clean.mp3',3,'',7,1),(289,'2024-12-04 13:12:47.752440','216','10 illicit affairs.mp3',3,'',7,1),(290,'2024-12-04 13:12:47.752449','215','03 the last great american dynasty.mp3',3,'',7,1),(291,'2024-12-04 13:12:47.752457','214','12 mad woman.mp3',3,'',7,1),(292,'2024-12-04 13:12:47.752467','213','01 the 1.mp3',3,'',7,1),(293,'2024-12-04 13:12:47.752475','212','06 mirrorball.mp3',3,'',7,1),(294,'2024-12-04 13:12:47.752484','211','09 this is me trying.mp3',3,'',7,1),(295,'2024-12-04 13:12:47.752493','210','07 seven.mp3',3,'',7,1),(296,'2024-12-04 13:12:47.752501','209','16 hoax.mp3',3,'',7,1),(297,'2024-12-04 13:12:47.752510','208','02 cardigan.mp3',3,'',7,1),(298,'2024-12-04 13:12:47.752519','207','13 epiphany.mp3',3,'',7,1),(299,'2024-12-04 13:12:47.752528','206','04 exile.mp3',3,'',7,1),(300,'2024-12-04 13:12:47.752536','205','11 invisible string.mp3',3,'',7,1),(301,'2024-12-04 13:12:47.752545','204','14 betty.mp3',3,'',7,1),(302,'2024-12-04 13:12:47.752554','203','08 august.mp3',3,'',7,1),(303,'2024-12-04 13:12:47.752563','202','05 my tears ricochet.mp3',3,'',7,1),(304,'2024-12-04 13:12:55.279292','201','15 peace.mp3',3,'',7,1),(305,'2024-12-04 13:13:40.139495','302','songs/05._The_Archer.mp3',1,'[{\"added\": {}}]',7,1),(306,'2024-12-04 13:13:46.014602','302','songs/05._The_Archer.mp3',3,'',7,1),(307,'2024-12-05 12:26:54.117111','1','eras tour',1,'[{\"added\": {}}]',10,1),(308,'2024-12-07 03:56:37.965913','405','songs/20. Dear Reader.flac',3,'',7,1),(309,'2024-12-07 03:56:37.965961','404','songs/09. Bejeweled.flac',3,'',7,1),(310,'2024-12-07 03:56:37.965975','403','songs/Taylor Swift - Style.mp3',3,'',7,1),(311,'2024-12-07 03:56:37.965987','402','songs/15. Bigger Than the Whole Sky.flac',3,'',7,1),(312,'2024-12-07 03:56:37.965999','401','songs/Taylor Swift - How You Get The Girl.mp3',3,'',7,1),(313,'2024-12-07 03:56:37.966009','400','songs/15 New Year\'s Day.mp3',3,'',7,1),(314,'2024-12-07 03:56:37.966038','399','songs/10 illicit affairs.mp3',3,'',7,1),(315,'2024-12-07 03:56:37.966053','398','songs/03. gold rush.flac',3,'',7,1),(316,'2024-12-07 03:56:37.966064','397','songs/Taylor Swift - New Romantics.mp3',3,'',7,1),(317,'2024-12-07 03:56:37.966075','396','songs/13. marjorie.flac',3,'',7,1),(318,'2024-12-07 03:56:37.966085','395','songs/12. Sweet Nothing.flac',3,'',7,1),(319,'2024-12-07 03:56:37.966094','394','songs/14. The Great War.flac',3,'',7,1),(320,'2024-12-07 03:56:37.966104','393','songs/02. champagne problems.flac',3,'',7,1),(321,'2024-12-07 03:56:37.966113','392','songs/03 the last great american dynasty.mp3',3,'',7,1),(322,'2024-12-07 03:56:37.966123','391','songs/01. I Forgot That You Existed.mp3',3,'',7,1),(323,'2024-12-07 03:56:37.966134','390','songs/14. You Need To Calm Down.mp3',3,'',7,1),(324,'2024-12-07 03:56:37.966144','389','songs/3 I Did Something Bad.mp3',3,'',7,1),(325,'2024-12-07 03:56:37.966153','388','songs/02. Maroon.flac',3,'',7,1),(326,'2024-12-07 03:56:37.966163','387','songs/05. tolerate it.flac',3,'',7,1),(327,'2024-12-07 03:56:37.966173','386','songs/03. Lover.mp3',3,'',7,1),(328,'2024-12-07 03:56:37.966182','385','songs/02. Cruel Summer.mp3',3,'',7,1),(329,'2024-12-07 03:56:37.966191','384','songs/08. dorothea.flac',3,'',7,1),(330,'2024-12-07 03:56:37.966201','383','songs/12 mad woman.mp3',3,'',7,1),(331,'2024-12-07 03:56:37.966211','382','songs/07. Question….flac',3,'',7,1),(332,'2024-12-07 03:56:37.966220','381','songs/4 Don\'t Blame Me.mp3',3,'',7,1),(333,'2024-12-07 03:56:37.966239','380','songs/14. closure.flac',3,'',7,1),(334,'2024-12-07 03:56:37.966249','379','songs/13 This Is Why We Can\'t Have Nice Things.mp3',3,'',7,1),(335,'2024-12-07 03:56:37.966258','378','songs/07. Miss Americana.mp3',3,'',7,1),(336,'2024-12-07 03:56:37.966267','377','songs/13. False God.mp3',3,'',7,1),(337,'2024-12-07 03:56:37.966278','376','songs/03. Anti-Hero.flac',3,'',7,1),(338,'2024-12-07 03:56:37.966299','375','songs/04. ‘tis the damn season.flac',3,'',7,1),(339,'2024-12-07 03:56:37.966309','374','songs/01 the 1.mp3',3,'',7,1),(340,'2024-12-07 03:56:37.966319','373','songs/04. Snow on the Beach (feat. Lana Del Rey).flac',3,'',7,1),(341,'2024-12-07 03:56:37.966328','372','songs/06 mirrorball.mp3',3,'',7,1),(342,'2024-12-07 03:56:37.966338','371','songs/2 End Game.mp3',3,'',7,1),(343,'2024-12-07 03:56:37.966347','370','songs/10. Death By A Thousand Cuts.mp3',3,'',7,1),(344,'2024-12-07 03:56:37.966366','369','songs/Taylor Swift - Bad Blood.mp3',3,'',7,1),(345,'2024-12-07 03:56:37.966375','368','songs/04. The Man.mp3',3,'',7,1),(346,'2024-12-07 03:56:37.966384','367','songs/09 this is me trying.mp3',3,'',7,1),(347,'2024-12-07 03:56:37.966393','366','songs/16. ME! (feat. Brendon Urie of Panic! At The Disco).mp3',3,'',7,1),(348,'2024-12-07 03:56:37.966402','365','songs/12. long story short.flac',3,'',7,1),(349,'2024-12-07 03:56:37.966412','364','songs/01. Lavender Haze.flac',3,'',7,1),(350,'2024-12-07 03:56:37.966421','363','songs/Taylor Swift - Out Of The Woods.mp3',3,'',7,1),(351,'2024-12-07 03:56:37.966430','362','songs/10. Labyrinth.flac',3,'',7,1),(352,'2024-12-07 03:56:37.966440','361','songs/Taylor Swift - This Love.mp3',3,'',7,1),(353,'2024-12-07 03:56:37.966449','360','songs/05. The Archer.mp3',3,'',7,1),(354,'2024-12-07 03:56:37.966458','359','songs/12. Soon You_ll Get Better.mp3',3,'',7,1),(355,'2024-12-07 03:56:37.966466','358','songs/12 Dress.mp3',3,'',7,1),(356,'2024-12-07 03:56:37.966476','357','songs/13. Mastermind.flac',3,'',7,1),(357,'2024-12-07 03:56:37.966485','356','songs/07 seven.mp3',3,'',7,1),(358,'2024-12-07 03:56:37.966494','355','songs/16 hoax.mp3',3,'',7,1),(359,'2024-12-07 03:56:37.966507','354','songs/Taylor Swift - Shake It Off.mp3',3,'',7,1),(360,'2024-12-07 03:56:37.966516','353','songs/8 Gorgeous.mp3',3,'',7,1),(361,'2024-12-07 03:56:37.966525','352','songs/08. Vigilante Shit.flac',3,'',7,1),(362,'2024-12-07 03:56:37.966534','351','songs/18. Glitch.flac',3,'',7,1),(363,'2024-12-07 03:56:37.966543','350','songs/18. Daylight.mp3',3,'',7,1),(364,'2024-12-07 03:56:37.966552','349','songs/05._The_Archer.mp3',3,'',7,1),(365,'2024-12-07 03:56:37.966561','348','songs/05. You\'re on Your Own, Kid.flac',3,'',7,1),(366,'2024-12-07 03:56:37.966570','347','songs/01. willow.flac',3,'',7,1),(367,'2024-12-07 03:56:37.966579','346','songs/Taylor Swift - Blank Space.mp3',3,'',7,1),(368,'2024-12-07 03:56:37.966589','345','songs/02 cardigan.mp3',3,'',7,1),(369,'2024-12-07 03:56:37.966598','344','songs/1  ...Ready For It_.mp3',3,'',7,1),(370,'2024-12-07 03:56:37.966607','343','songs/11 Dancing With Our Hands Tied.mp3',3,'',7,1),(371,'2024-12-07 03:56:37.966615','342','songs/11. Karma.flac',3,'',7,1),(372,'2024-12-07 03:56:37.966625','341','songs/17. It\'s Nice To Have A Friend.mp3',3,'',7,1),(373,'2024-12-07 03:56:37.966634','340','songs/13 epiphany.mp3',3,'',7,1),(374,'2024-12-07 03:56:37.966643','339','songs/09. coney island (feat. The National).flac',3,'',7,1),(375,'2024-12-07 03:56:37.966652','338','songs/04 exile.mp3',3,'',7,1),(376,'2024-12-07 03:56:37.967138','337','songs/06. I Think He Knows.mp3',3,'',7,1),(377,'2024-12-07 03:56:37.967156','336','songs/Taylor Swift - I Know Places.mp3',3,'',7,1),(378,'2024-12-07 03:56:37.967165','335','songs/11 invisible string.mp3',3,'',7,1),(379,'2024-12-07 03:56:37.967174','334','songs/11. London Boy.mp3',3,'',7,1),(380,'2024-12-07 03:56:37.967183','333','songs/14 betty.mp3',3,'',7,1),(381,'2024-12-07 03:56:37.967192','332','songs/5 Delicate.mp3',3,'',7,1),(382,'2024-12-07 03:56:37.967201','331','songs/Taylor Swift - Welcome To New York.mp3',3,'',7,1),(383,'2024-12-07 03:56:37.967209','330','songs/7 So It Goes.mp3',3,'',7,1),(384,'2024-12-07 03:56:37.967219','329','songs/10. ivy.flac',3,'',7,1),(385,'2024-12-07 03:56:37.967229','328','songs/Taylor Swift - All You Had to Do Was Stay.mp3',3,'',7,1),(386,'2024-12-07 03:56:37.967238','327','songs/08. Paper Hearts.mp3',3,'',7,1),(387,'2024-12-07 03:56:37.967246','326','songs/Taylor Swift - You Are In Love.mp3',3,'',7,1),(388,'2024-12-07 03:56:37.967255','325','songs/6 Look What You Made Me Do.mp3',3,'',7,1),(389,'2024-12-07 03:56:37.967263','324','songs/9 Getaway Car.mp3',3,'',7,1),(390,'2024-12-07 03:56:37.967272','323','songs/11. cowboy like me.flac',3,'',7,1),(391,'2024-12-07 03:56:37.967280','322','songs/06. Midnight Rain.flac',3,'',7,1),(392,'2024-12-07 03:56:37.967289','321','songs/14 Call It What You Want.mp3',3,'',7,1),(393,'2024-12-07 03:56:37.967297','320','songs/08 august.mp3',3,'',7,1),(394,'2024-12-07 03:56:37.967306','319','songs/06. no body, no crime (feat. HAIM).flac',3,'',7,1),(395,'2024-12-07 03:56:37.967315','318','songs/16. Paris.flac',3,'',7,1),(396,'2024-12-07 03:56:37.967324','317','songs/07. happiness.flac',3,'',7,1),(397,'2024-12-07 03:56:37.967333','316','songs/Taylor Swift - I Wish You Would.mp3',3,'',7,1),(398,'2024-12-07 03:56:37.967342','315','songs/Taylor Swift - Wildest Dreams.mp3',3,'',7,1),(399,'2024-12-07 03:56:37.967350','314','songs/Taylor Swift - Wonderland.mp3',3,'',7,1),(400,'2024-12-07 03:56:37.967359','313','songs/17. High Infidelity.flac',3,'',7,1),(401,'2024-12-07 03:56:37.967369','312','songs/19. Would\'ve, Could\'ve, Should\'ve.flac',3,'',7,1),(402,'2024-12-07 03:56:37.967377','311','songs/09. Cornelia Street.mp3',3,'',7,1),(403,'2024-12-07 03:56:37.967386','310','songs/10 King Of My Heart.mp3',3,'',7,1),(404,'2024-12-07 03:56:37.967395','309','songs/15. Afterglow.mp3',3,'',7,1),(405,'2024-12-07 03:56:37.967403','308','songs/Taylor Swift - Clean.mp3',3,'',7,1),(406,'2024-12-07 03:56:37.967417','307','songs/15. evermore (feat. Bon Iver).flac',3,'',7,1),(407,'2024-12-07 03:56:37.967426','306','songs/05 my tears ricochet.mp3',3,'',7,1),(408,'2024-12-07 03:56:42.419848','305','songs/20. Dear Reader.flac',3,'',7,1),(409,'2024-12-07 03:56:42.419926','304','songs/09. Bejeweled.flac',3,'',7,1),(410,'2024-12-07 03:56:42.419940','303','songs/15 peace.mp3',3,'',7,1),(411,'2024-12-07 04:00:34.128438','421','songs/Taylor Swift - Style.mp3',3,'',7,1),(412,'2024-12-07 04:00:34.128473','420','songs/Taylor Swift - How You Get The Girl.mp3',3,'',7,1),(413,'2024-12-07 04:00:34.128486','419','songs/Taylor Swift - New Romantics.mp3',3,'',7,1),(414,'2024-12-07 04:00:34.128497','418','songs/Taylor Swift - Bad Blood.mp3',3,'',7,1),(415,'2024-12-07 04:00:34.128508','417','songs/Taylor Swift - Out Of The Woods.mp3',3,'',7,1),(416,'2024-12-07 04:00:34.128518','416','songs/Taylor Swift - This Love.mp3',3,'',7,1),(417,'2024-12-07 04:00:34.128528','415','songs/Taylor Swift - Shake It Off.mp3',3,'',7,1),(418,'2024-12-07 04:00:34.128537','414','songs/Taylor Swift - Blank Space.mp3',3,'',7,1),(419,'2024-12-07 04:00:34.128546','413','songs/Taylor Swift - I Know Places.mp3',3,'',7,1),(420,'2024-12-07 04:00:34.128555','412','songs/Taylor Swift - Welcome To New York.mp3',3,'',7,1),(421,'2024-12-07 04:00:34.128564','411','songs/Taylor Swift - All You Had to Do Was Stay.mp3',3,'',7,1),(422,'2024-12-07 04:00:34.128574','410','songs/Taylor Swift - You Are In Love.mp3',3,'',7,1),(423,'2024-12-07 04:00:34.128583','409','songs/Taylor Swift - I Wish You Would.mp3',3,'',7,1),(424,'2024-12-07 04:00:34.128593','408','songs/Taylor Swift - Wildest Dreams.mp3',3,'',7,1),(425,'2024-12-07 04:00:34.128603','407','songs/Taylor Swift - Wonderland.mp3',3,'',7,1),(426,'2024-12-07 04:00:34.128612','406','songs/Taylor Swift - Clean.mp3',3,'',7,1),(427,'2024-12-07 07:09:14.090269','1','eras tour',3,'',10,1),(428,'2024-12-07 07:09:27.427166','2','debut',1,'[{\"added\": {}}]',10,1),(429,'2024-12-07 07:09:38.790296','2','debut',3,'',10,1),(430,'2024-12-07 08:08:28.075736','607','songs/10. Who’s Afraid of Little Old Me_.mp3',2,'[{\"changed\": {\"fields\": [\"Song title\"]}}]',7,1),(431,'2024-12-07 08:32:35.371405','553','songs/03 Teardrops on My Guitar (Radio Sin.mp3',2,'[{\"changed\": {\"fields\": [\"Song title\"]}}]',7,1),(432,'2024-12-07 08:32:49.691300','499','songs/07. Miss Americana.mp3',2,'[{\"changed\": {\"fields\": [\"Song title\"]}}]',7,1),(433,'2024-12-07 08:33:07.843062','496','songs/04. ‘tis the damn season.flac',2,'[{\"changed\": {\"fields\": [\"Song title\"]}}]',7,1),(434,'2024-12-07 08:33:17.742452','494','songs/04. Snow on the Beach (feat. Lana Del Rey).flac',2,'[{\"changed\": {\"fields\": [\"Song title\"]}}]',7,1),(435,'2024-12-07 08:33:28.348435','487','songs/16. ME! (feat. Brendon Urie of Panic! At The Disco).mp3',2,'[{\"changed\": {\"fields\": [\"Song title\"]}}]',7,1),(436,'2024-12-07 08:33:40.171104','480','songs/12. Soon You_ll Get Better.mp3',2,'[{\"changed\": {\"fields\": [\"Song title\"]}}]',7,1),(437,'2024-12-07 08:33:49.721011','460','songs/09. coney island (feat. The National).flac',2,'[{\"changed\": {\"fields\": [\"Song title\"]}}]',7,1),(438,'2024-12-07 08:34:14.121060','441','songs/06. no body, no crime (feat. HAIM).flac',2,'[{\"changed\": {\"fields\": [\"Song title\"]}}]',7,1),(439,'2024-12-07 08:34:28.472057','424','songs/15. evermore (feat. Bon Iver).flac',2,'[{\"changed\": {\"fields\": [\"Song title\"]}}]',7,1),(440,'2024-12-07 08:34:50.111211','448','songs/08. Paper Hearts.mp3',2,'[{\"changed\": {\"fields\": [\"Song title\"]}}]',7,1),(441,'2024-12-08 02:13:16.014168','32','Speak Now (Taylor\'s Version)',3,'',10,1),(442,'2024-12-08 02:13:16.014204','31','1989',3,'',10,1),(443,'2024-12-08 02:13:16.014215','30','The Tortured Poets Department',3,'',10,1),(444,'2024-12-08 02:13:16.014224','29','1989 (Taylor\'s Version)',3,'',10,1),(445,'2024-12-08 02:13:16.014233','28','Evermore',3,'',10,1),(446,'2024-12-08 02:13:16.014242','27','Speak Now',3,'',10,1),(447,'2024-12-08 02:13:16.014250','26','Lover',3,'',10,1),(448,'2024-12-08 02:13:16.014259','25','Taylor Swift',3,'',10,1),(449,'2024-12-08 02:13:16.014267','24','Fearless (Taylor\'s Version)',3,'',10,1),(450,'2024-12-08 02:13:16.014275','23','Red',3,'',10,1),(451,'2024-12-08 02:13:16.014283','22','Folklore',3,'',10,1),(452,'2024-12-08 02:13:16.014291','21','Red (Taylor\'s Version)',3,'',10,1),(453,'2024-12-08 02:13:16.014299','20','Midnights',3,'',10,1),(454,'2024-12-08 02:13:16.014307','19','The Taylor Swift Holiday Collection',3,'',10,1),(455,'2024-12-08 02:13:16.014315','18','Fearless',3,'',10,1),(456,'2024-12-08 02:13:16.014323','17','Speak Now (Taylor\'s Version)',3,'',10,1),(457,'2024-12-08 02:13:16.014331','16','1989',3,'',10,1),(458,'2024-12-08 02:13:16.014340','15','The Tortured Poets Department',3,'',10,1),(459,'2024-12-08 02:13:16.014348','14','1989 (Taylor\'s Version)',3,'',10,1),(460,'2024-12-08 02:13:16.014356','13','Evermore',3,'',10,1),(461,'2024-12-08 02:13:16.014364','12','Speak Now',3,'',10,1),(462,'2024-12-08 02:13:16.014372','11','Lover',3,'',10,1),(463,'2024-12-08 02:13:16.014380','10','Taylor Swift',3,'',10,1),(464,'2024-12-08 02:13:16.014389','9','Fearless (Taylor\'s Version)',3,'',10,1),(465,'2024-12-08 02:13:16.014397','8','Red',3,'',10,1),(466,'2024-12-08 02:13:16.014405','7','Folklore',3,'',10,1),(467,'2024-12-08 02:13:16.014413','6','Red (Taylor\'s Version)',3,'',10,1),(468,'2024-12-08 02:13:16.014422','5','Midnights',3,'',10,1),(469,'2024-12-08 02:13:16.014431','4','The Taylor Swift Holiday Collection',3,'',10,1),(470,'2024-12-08 02:13:16.014439','3','Fearless',3,'',10,1);
/*!40000 ALTER TABLE `django_admin_log` ENABLE KEYS */;
UNLOCK TABLES;

--
-- Table structure for table `django_content_type`
--

DROP TABLE IF EXISTS `django_content_type`;
/*!40101 SET @saved_cs_client     = @@character_set_client */;
/*!50503 SET character_set_client = utf8mb4 */;
CREATE TABLE `django_content_type` (
  `id` int NOT NULL AUTO_INCREMENT,
  `app_label` varchar(100) NOT NULL,
  `model` varchar(100) NOT NULL,
  PRIMARY KEY (`id`),
  UNIQUE KEY `django_content_type_app_label_model_76bd3d3b_uniq` (`app_label`,`model`)
) ENGINE=InnoDB AUTO_INCREMENT=11 DEFAULT CHARSET=utf8mb4 COLLATE=utf8mb4_0900_ai_ci;
/*!40101 SET character_set_client = @saved_cs_client */;

--
-- Dumping data for table `django_content_type`
--

LOCK TABLES `django_content_type` WRITE;
/*!40000 ALTER TABLE `django_content_type` DISABLE KEYS */;
INSERT INTO `django_content_type` VALUES (1,'admin','logentry'),(3,'auth','group'),(2,'auth','permission'),(4,'auth','user'),(5,'contenttypes','contenttype'),(6,'sessions','session'),(9,'ts','gamehistory'),(10,'ts','poster'),(7,'ts','song'),(8,'ts','songtitle');
/*!40000 ALTER TABLE `django_content_type` ENABLE KEYS */;
UNLOCK TABLES;

--
-- Table structure for table `django_migrations`
--

DROP TABLE IF EXISTS `django_migrations`;
/*!40101 SET @saved_cs_client     = @@character_set_client */;
/*!50503 SET character_set_client = utf8mb4 */;
CREATE TABLE `django_migrations` (
  `id` bigint NOT NULL AUTO_INCREMENT,
  `app` varchar(255) NOT NULL,
  `name` varchar(255) NOT NULL,
  `applied` datetime(6) NOT NULL,
  PRIMARY KEY (`id`)
) ENGINE=InnoDB AUTO_INCREMENT=29 DEFAULT CHARSET=utf8mb4 COLLATE=utf8mb4_0900_ai_ci;
/*!40101 SET character_set_client = @saved_cs_client */;

--
-- Dumping data for table `django_migrations`
--

LOCK TABLES `django_migrations` WRITE;
/*!40000 ALTER TABLE `django_migrations` DISABLE KEYS */;
INSERT INTO `django_migrations` VALUES (1,'contenttypes','0001_initial','2024-12-04 12:40:43.222470'),(2,'auth','0001_initial','2024-12-04 12:40:43.883152'),(3,'admin','0001_initial','2024-12-04 12:40:44.008663'),(4,'admin','0002_logentry_remove_auto_add','2024-12-04 12:40:44.015155'),(5,'admin','0003_logentry_add_action_flag_choices','2024-12-04 12:40:44.024787'),(6,'contenttypes','0002_remove_content_type_name','2024-12-04 12:40:44.090097'),(7,'auth','0002_alter_permission_name_max_length','2024-12-04 12:40:44.149739'),(8,'auth','0003_alter_user_email_max_length','2024-12-04 12:40:44.168982'),(9,'auth','0004_alter_user_username_opts','2024-12-04 12:40:44.176796'),(10,'auth','0005_alter_user_last_login_null','2024-12-04 12:40:44.227307'),(11,'auth','0006_require_contenttypes_0002','2024-12-04 12:40:44.230515'),(12,'auth','0007_alter_validators_add_error_messages','2024-12-04 12:40:44.236567'),(13,'auth','0008_alter_user_username_max_length','2024-12-04 12:40:44.298766'),(14,'auth','0009_alter_user_last_name_max_length','2024-12-04 12:40:44.358019'),(15,'auth','0010_alter_group_name_max_length','2024-12-04 12:40:44.375858'),(16,'auth','0011_update_proxy_permissions','2024-12-04 12:40:44.385509'),(17,'auth','0012_alter_user_first_name_max_length','2024-12-04 12:40:44.465119'),(18,'sessions','0001_initial','2024-12-04 12:40:44.501916'),(19,'ts','0001_initial','2024-12-04 12:40:44.524533'),(20,'ts','0002_songtitle','2024-12-04 12:40:44.547238'),(21,'ts','0003_gamehistory_alter_songtitle_title','2024-12-04 12:40:44.588815'),(22,'ts','0004_remove_song_title_song_song_title_and_more','2024-12-04 12:40:44.678116'),(23,'ts','0005_poster_remove_songtitle_poster_pic_and_more','2024-12-04 12:40:44.839541'),(24,'ts','0006_songtitle_album_songtitle_lyrics','2024-12-04 12:40:44.887625'),(25,'ts','0007_alter_song_song_title','2024-12-04 12:45:08.920958'),(26,'ts','0008_poster_poster_name','2024-12-05 12:23:34.391717'),(27,'ts','0009_alter_song_file_alter_songtitle_poster_pics','2024-12-07 03:57:44.989890'),(28,'ts','0010_gamehistory_timestamp','2024-12-08 03:43:36.087262');
/*!40000 ALTER TABLE `django_migrations` ENABLE KEYS */;
UNLOCK TABLES;

--
-- Table structure for table `django_session`
--

DROP TABLE IF EXISTS `django_session`;
/*!40101 SET @saved_cs_client     = @@character_set_client */;
/*!50503 SET character_set_client = utf8mb4 */;
CREATE TABLE `django_session` (
  `session_key` varchar(40) NOT NULL,
  `session_data` longtext NOT NULL,
  `expire_date` datetime(6) NOT NULL,
  PRIMARY KEY (`session_key`),
  KEY `django_session_expire_date_a5c62663` (`expire_date`)
) ENGINE=InnoDB DEFAULT CHARSET=utf8mb4 COLLATE=utf8mb4_0900_ai_ci;
/*!40101 SET character_set_client = @saved_cs_client */;

--
-- Dumping data for table `django_session`
--

LOCK TABLES `django_session` WRITE;
/*!40000 ALTER TABLE `django_session` DISABLE KEYS */;
INSERT INTO `django_session` VALUES ('l3o04lp4b3bsgdh1mgva21ja4g78i5y7','.eJxVjMsOwiAQRf-FtSHAyMule7-BDDBI1UBS2pXx322TLnR7zzn3zQKuSw3roDlMmV2YZKffLWJ6UttBfmC7d556W-Yp8l3hBx381jO9rof7d1Bx1K22xkNx3mQNZHJSMQJaSUTaS9CQfdFCQdSGinOqGDorn4TCTbJCkGCfL9zaN34:1tIou7:jElfMDo-G6FY6RYTxsN7KYeSwAIRF_rV4rFHThzWuWc','2024-12-18 12:54:55.470850');
/*!40000 ALTER TABLE `django_session` ENABLE KEYS */;
UNLOCK TABLES;

--
-- Table structure for table `ts_gamehistory`
--

DROP TABLE IF EXISTS `ts_gamehistory`;
/*!40101 SET @saved_cs_client     = @@character_set_client */;
/*!50503 SET character_set_client = utf8mb4 */;
CREATE TABLE `ts_gamehistory` (
  `id` bigint NOT NULL AUTO_INCREMENT,
  `score` int NOT NULL,
  `timestamp` datetime(6) NOT NULL,
  PRIMARY KEY (`id`)
) ENGINE=InnoDB AUTO_INCREMENT=5 DEFAULT CHARSET=utf8mb4 COLLATE=utf8mb4_0900_ai_ci;
/*!40101 SET character_set_client = @saved_cs_client */;

--
-- Dumping data for table `ts_gamehistory`
--

LOCK TABLES `ts_gamehistory` WRITE;
/*!40000 ALTER TABLE `ts_gamehistory` DISABLE KEYS */;
INSERT INTO `ts_gamehistory` VALUES (1,0,'2012-01-01 00:00:00.000000'),(2,3,'2024-12-08 03:43:59.170959'),(3,1,'2024-12-08 03:44:57.347738'),(4,8,'2024-12-08 03:48:48.845331');
/*!40000 ALTER TABLE `ts_gamehistory` ENABLE KEYS */;
UNLOCK TABLES;

--
-- Table structure for table `ts_poster`
--

DROP TABLE IF EXISTS `ts_poster`;
/*!40101 SET @saved_cs_client     = @@character_set_client */;
/*!50503 SET character_set_client = utf8mb4 */;
CREATE TABLE `ts_poster` (
  `id` bigint NOT NULL AUTO_INCREMENT,
  `image` varchar(100) NOT NULL,
  `poster_name` varchar(255) NOT NULL,
  PRIMARY KEY (`id`)
) ENGINE=InnoDB AUTO_INCREMENT=49 DEFAULT CHARSET=utf8mb4 COLLATE=utf8mb4_0900_ai_ci;
/*!40101 SET character_set_client = @saved_cs_client */;

--
-- Dumping data for table `ts_poster`
--

LOCK TABLES `ts_poster` WRITE;
/*!40000 ALTER TABLE `ts_poster` DISABLE KEYS */;
INSERT INTO `ts_poster` VALUES (33,'posters/Fearless.jpg','Fearless'),(34,'posters/The_Taylor_Swift_Holiday_Collection.jpg','The Taylor Swift Holiday Collection'),(35,'posters/Midnights.jpg','Midnights'),(36,'posters/Red_Taylors_Version.jpg','Red (Taylor\'s Version)'),(37,'posters/Folklore.jpg','Folklore'),(38,'posters/Red.jpg','Red'),(39,'posters/Fearless_Taylors_Version.jpg','Fearless (Taylor\'s Version)'),(40,'posters/Taylor_Swift.jpg','Taylor Swift'),(41,'posters/Lover.jpg','Lover'),(42,'posters/Speak_Now.jpg','Speak Now'),(43,'posters/Evermore.jpg','Evermore'),(44,'posters/1989_Taylors_Version.jpg','1989 (Taylor\'s Version)'),(45,'posters/The_Tortured_Poets_Department.jpg','The Tortured Poets Department'),(46,'posters/1989.jpg','1989'),(47,'posters/Speak_Now_Taylors_Version.jpg','Speak Now (Taylor\'s Version)'),(48,'posters/Reputation.jpg','Reputation');
/*!40000 ALTER TABLE `ts_poster` ENABLE KEYS */;
UNLOCK TABLES;

--
-- Table structure for table `ts_song`
--

DROP TABLE IF EXISTS `ts_song`;
/*!40101 SET @saved_cs_client     = @@character_set_client */;
/*!50503 SET character_set_client = utf8mb4 */;
CREATE TABLE `ts_song` (
  `id` bigint NOT NULL AUTO_INCREMENT,
  `file` varchar(100) NOT NULL,
  `song_title_id` bigint DEFAULT NULL,
  PRIMARY KEY (`id`),
  UNIQUE KEY `ts_song_file_03954f6b_uniq` (`file`),
  KEY `ts_song_song_title_id_03486586_fk_ts_songtitle_id` (`song_title_id`),
  CONSTRAINT `ts_song_song_title_id_03486586_fk_ts_songtitle_id` FOREIGN KEY (`song_title_id`) REFERENCES `ts_songtitle` (`id`)
) ENGINE=InnoDB AUTO_INCREMENT=625 DEFAULT CHARSET=utf8mb4 COLLATE=utf8mb4_0900_ai_ci;
/*!40101 SET character_set_client = @saved_cs_client */;

--
-- Dumping data for table `ts_song`
--

LOCK TABLES `ts_song` WRITE;
/*!40000 ALTER TABLE `ts_song` DISABLE KEYS */;
INSERT INTO `ts_song` VALUES (422,'songs/Taylor Swift - Wonderland.mp3',333),(423,'songs/Taylor Swift - You Are In Love.mp3',334),(424,'songs/15. evermore (feat. Bon Iver).flac',180),(425,'songs/14. closure.flac',179),(426,'songs/13. marjorie.flac',178),(427,'songs/15 peace.mp3',163),(428,'songs/09. Bejeweled.flac',191),(429,'songs/20. Dear Reader.flac',201),(430,'songs/05 my tears ricochet.mp3',153),(431,'songs/Taylor Swift - Clean.mp3',332),(432,'songs/15. Afterglow.mp3',144),(433,'songs/10 King Of My Heart.mp3',124),(434,'songs/09. Cornelia Street.mp3',138),(435,'songs/19. Would\'ve, Could\'ve, Should\'ve.flac',200),(436,'songs/17. High Infidelity.flac',199),(437,'songs/Taylor Swift - Wildest Dreams.mp3',328),(438,'songs/Taylor Swift - I Wish You Would.mp3',326),(439,'songs/07. happiness.flac',172),(440,'songs/16. Paris.flac',254),(441,'songs/06. no body, no crime (feat. HAIM).flac',171),(442,'songs/08 august.mp3',156),(443,'songs/14 Call It What You Want.mp3',128),(444,'songs/06. Midnight Rain.flac',188),(445,'songs/11. cowboy like me.flac',176),(446,'songs/9 Getaway Car.mp3',123),(447,'songs/6 Look What You Made Me Do.mp3',120),(448,'songs/08. Paper Hearts.mp3',137),(449,'songs/Taylor Swift - All You Had to Do Was Stay.mp3',324),(450,'songs/10. ivy.flac',175),(451,'songs/7 So It Goes.mp3',121),(452,'songs/Taylor Swift - Welcome To New York.mp3',320),(453,'songs/5 Delicate.mp3',119),(454,'songs/14 betty.mp3',162),(455,'songs/11. London Boy.mp3',140),(456,'songs/11 invisible string.mp3',159),(457,'songs/Taylor Swift - I Know Places.mp3',331),(458,'songs/06. I Think He Knows.mp3',135),(459,'songs/04 exile.mp3',152),(460,'songs/09. coney island (feat. The National).flac',174),(461,'songs/13 epiphany.mp3',161),(462,'songs/17. It\'s Nice To Have A Friend.mp3',146),(463,'songs/11. Karma.flac',193),(464,'songs/11 Dancing With Our Hands Tied.mp3',125),(465,'songs/1  ...Ready For It_.mp3',115),(466,'songs/02 cardigan.mp3',150),(467,'songs/Taylor Swift - Blank Space.mp3',321),(468,'songs/01. willow.flac',166),(469,'songs/05. You\'re on Your Own, Kid.flac',187),(470,'songs/05._The_Archer.mp3',134),(471,'songs/18. Daylight.mp3',147),(472,'songs/18. Glitch.flac',255),(473,'songs/08. Vigilante Shit.flac',190),(474,'songs/8 Gorgeous.mp3',122),(475,'songs/Taylor Swift - Shake It Off.mp3',325),(476,'songs/16 hoax.mp3',164),(477,'songs/07 seven.mp3',155),(478,'songs/13. Mastermind.flac',195),(479,'songs/12 Dress.mp3',126),(480,'songs/12. Soon You_ll Get Better.mp3',141),(481,'songs/05. The Archer.mp3',134),(482,'songs/Taylor Swift - This Love.mp3',330),(483,'songs/10. Labyrinth.flac',192),(484,'songs/Taylor Swift - Out Of The Woods.mp3',323),(485,'songs/01. Lavender Haze.flac',183),(486,'songs/12. long story short.flac',177),(487,'songs/16. ME! (feat. Brendon Urie of Panic! At The Disco).mp3',145),(488,'songs/09 this is me trying.mp3',157),(489,'songs/04. The Man.mp3',133),(490,'songs/Taylor Swift - Bad Blood.mp3',327),(491,'songs/10. Death By A Thousand Cuts.mp3',139),(492,'songs/2 End Game.mp3',116),(493,'songs/06 mirrorball.mp3',154),(494,'songs/04. Snow on the Beach (feat. Lana Del Rey).flac',186),(495,'songs/01 the 1.mp3',149),(496,'songs/04. ‘tis the damn season.flac',169),(497,'songs/03. Anti-Hero.flac',185),(498,'songs/13. False God.mp3',142),(499,'songs/07. Miss Americana.mp3',136),(500,'songs/13 This Is Why We Can\'t Have Nice Things.mp3',125),(501,'songs/4 Don\'t Blame Me.mp3',118),(502,'songs/07. Question….flac',189),(503,'songs/12 mad woman.mp3',160),(504,'songs/08. dorothea.flac',173),(505,'songs/02. Cruel Summer.mp3',131),(506,'songs/03. Lover.mp3',132),(507,'songs/05. tolerate it.flac',170),(508,'songs/02. Maroon.flac',184),(509,'songs/3 I Did Something Bad.mp3',117),(510,'songs/14. You Need To Calm Down.mp3',143),(511,'songs/01. I Forgot That You Existed.mp3',130),(512,'songs/03 the last great american dynasty.mp3',151),(513,'songs/02. champagne problems.flac',167),(514,'songs/14. The Great War.flac',197),(515,'songs/12. Sweet Nothing.flac',194),(516,'songs/Taylor Swift - New Romantics.mp3',335),(517,'songs/03. gold rush.flac',168),(518,'songs/10 illicit affairs.mp3',158),(519,'songs/15 New Year\'s Day.mp3',129),(520,'songs/Taylor Swift - How You Get The Girl.mp3',329),(521,'songs/15. Bigger Than the Whole Sky.flac',198),(522,'songs/Taylor Swift - Style.mp3',322),(523,'songs/21. Ronan (Taylor&#39;s Version).mp3',83),(524,'songs/06. 22 (Taylor&#39;s Version).mp3',69),(525,'songs/15. Starlight (Taylor&#39;s Version).mp3',78),(526,'songs/13. The Lucky One (Taylor&#39;s Version).mp3',76),(527,'songs/08. We Are Never Ever Getting Back Together (Taylor&#39;s Version).mp3',71),(528,'songs/02. Red (Taylor&#39;s Version).mp3',65),(529,'songs/03. Treacherous (Taylor&#39;s Version).mp3',66),(530,'songs/19. Girl At Home (Taylor&#39;s Version).mp3',82),(531,'songs/17. The Moment I Knew (Taylor&#39;s Version).mp3',80),(532,'songs/04. I Knew You Were Trouble (Taylor&#39;s Version).mp3',67),(533,'songs/01. State Of Grace (Taylor&#39;s Version).mp3',64),(534,'songs/07. I Almost Do (Taylor&#39;s Version).mp3',70),(535,'songs/11. Holy Ground (Taylor&#39;s Version).mp3',74),(536,'songs/29. The Very First Night (Taylor&#39;s Version) (From The Vault).mp3',91),(537,'songs/28. Run (Taylor&#39;s Version) (From The Vault).mp3',90),(538,'songs/26. I Bet You Think About Me (Taylor&#39;s Version) (From The Vault).mp3',88),(539,'songs/14. Everything Has Changed (Taylor&#39;s Version).mp3',77),(540,'songs/16. Begin Again (Taylor&#39;s Version).mp3',79),(541,'songs/18. Come Back...Be Here (Taylor&#39;s Version).mp3',81),(542,'songs/24. Babe (Taylor&#39;s Version) (From The Vault).mp3',86),(543,'songs/30. All Too Well (10 Minute Version) (Taylor&#39;s Version) (From The Vault).mp3',92),(544,'songs/22. Better Man (Taylor&#39;s Version) (From The Vault).mp3',84),(545,'songs/09. Stay Stay Stay (Taylor&#39;s Version).mp3',72),(546,'songs/20. State Of Grace (Acoustic Version) (Taylor&#39;s Version).mp3',318),(547,'songs/10. The Last Time (Taylor&#39;s Version).mp3',73),(548,'songs/25. Message In A Bottle (Taylor&#39;s Version) (From The Vault).mp3',87),(549,'songs/27. Forever Winter (Taylor&#39;s Version) (From The Vault).mp3',89),(550,'songs/12. Sad Beautiful Tragic (Taylor&#39;s Version).mp3',75),(551,'songs/23. Nothing New (Taylor&#39;s Version) (From The Vault).mp3',85),(552,'songs/05. All Too Well (Taylor&#39;s Version).mp3',68),(553,'songs/03 Teardrops on My Guitar (Radio Sin.mp3',3),(554,'songs/05 Cold As You.mp3',5),(555,'songs/09 Should&#39;ve Said No.mp3',9),(556,'songs/02 Picture to Burn.mp3',2),(557,'songs/04 A Place In This World.mp3',4),(558,'songs/07 Tied Together With a Smile.mp3',7),(559,'songs/01 Tim McGraw.mp3',1),(560,'songs/15 Teardrops On My Guitar (POP Versi.mp3',258),(561,'songs/11 Our Song.mp3',11),(562,'songs/08 Stay Beautiful.mp3',8),(563,'songs/12 I&#39;m Only Me When I&#39;m With You.mp3',12),(564,'songs/13 Invisible.mp3',13),(565,'songs/14 A Perfectly Good Heart.mp3',14),(566,'songs/10 Mary&#39;s Song (Oh My My My).mp3',10),(567,'songs/06 The Outside.mp3',6),(568,'songs/11. Forever & Always (Taylor’s Version).mp3',27),(569,'songs/25. Don’t You (Taylor’s Version) (From The Vault).mp3',40),(570,'songs/02. Fifteen (Taylor’s Version).mp3',18),(571,'songs/15. Untouchable (Taylor’s Version).mp3',31),(572,'songs/01. Fearless (Taylor’s Version).mp3',17),(573,'songs/10. The Way I Loved You (Taylor’s Version).mp3',26),(574,'songs/05. White Horse (Taylor’s Version).mp3',21),(575,'songs/23. We Were Happy (Taylor’s Version) (From The Vault).mp3',38),(576,'songs/13. Change (Taylor’s Version).mp3',29),(577,'songs/07. Breathe (Taylor’s Version).mp3',23),(578,'songs/14. Jump Then Fall (Taylor’s Version).mp3',30),(579,'songs/24. That’s When (Taylor’s Version) (From The Vault).mp3',39),(580,'songs/18. Superstar (Taylor’s Version).mp3',33),(581,'songs/19. The Other Side Of The Door (Taylor’s Version).mp3',34),(582,'songs/26. Bye Bye Baby (Taylor’s Version) (From The Vault).mp3',41),(583,'songs/21. You All Over Me (Taylor’s Version) (From The Vault).mp3',36),(584,'songs/20. Today Was A Fairytale (Taylor’s Version).mp3',35),(585,'songs/04. Hey Stephen (Taylor’s Version).mp3',20),(586,'songs/16. Forever & Always (Piano Version) (Taylor’s Version).mp3',278),(587,'songs/08. Tell Me Why (Taylor’s Version).mp3',24),(588,'songs/12. The Best Day (Taylor’s Version).mp3',28),(589,'songs/06. You Belong With Me (Taylor’s Version).mp3',22),(590,'songs/22. Mr. Perfectly Fine (Taylor’s Version) (From The Vault).mp3',37),(591,'songs/03. Love Story (Taylor’s Version).mp3',19),(592,'songs/09. You’re Not Sorry (Taylor’s Version).mp3',25),(593,'songs/17. Come In With The Rain (Taylor’s Version).mp3',32),(594,'songs/26. The Prophecy.mp3',229),(595,'songs/14. The Smallest Man Who Ever Lived.mp3',217),(596,'songs/01. Fortnight.mp3',204),(597,'songs/29. The Bolter.mp3',232),(598,'songs/12. loml.mp3',215),(599,'songs/25. I Look in People&#39;s Windows.mp3',228),(600,'songs/21. How Did It End_.mp3',224),(601,'songs/23. I Hate It Here.mp3',226),(602,'songs/24. thanK you aIMee.mp3',227),(603,'songs/07. Fresh Out The Slammer.mp3',210),(604,'songs/02. The Tortured Poets Department.mp3',205),(605,'songs/28. Peter.mp3',231),(606,'songs/03. My Boy Only Breaks His Favorite Toys.mp3',206),(607,'songs/10. Who’s Afraid of Little Old Me_.mp3',213),(608,'songs/04. Down Bad.mp3',207),(609,'songs/20. Chloe or Sam or Sophia or Marcus.mp3',223),(610,'songs/06. But Daddy I Love Him.mp3',209),(611,'songs/27. Cassandra.mp3',230),(612,'songs/13. I Can Do It With a Broken Heart.mp3',216),(613,'songs/19. The Albatross.mp3',222),(614,'songs/05. So Long, London.mp3',208),(615,'songs/31. The Manuscript.mp3',234),(616,'songs/17. The Black Dog.mp3',220),(617,'songs/18. imgonnagetyouback.mp3',221),(618,'songs/30. Robin.mp3',233),(619,'songs/09. Guilty as Sin_.mp3',212),(620,'songs/11. I Can Fix Him (No Really I Can).mp3',214),(621,'songs/15. The Alchemy.mp3',218),(622,'songs/08. Florida!!!.mp3',211),(623,'songs/16. Clara Bow.mp3',219),(624,'songs/22. So High School.mp3',225);
/*!40000 ALTER TABLE `ts_song` ENABLE KEYS */;
UNLOCK TABLES;

--
-- Table structure for table `ts_songtitle`
--

DROP TABLE IF EXISTS `ts_songtitle`;
/*!40101 SET @saved_cs_client     = @@character_set_client */;
/*!50503 SET character_set_client = utf8mb4 */;
CREATE TABLE `ts_songtitle` (
  `id` bigint NOT NULL AUTO_INCREMENT,
  `title` varchar(255) NOT NULL,
  `album` varchar(255) NOT NULL,
  `lyrics` longtext NOT NULL,
  PRIMARY KEY (`id`),
  UNIQUE KEY `ts_songtitle_title_32c4d4ef_uniq` (`title`)
) ENGINE=InnoDB AUTO_INCREMENT=356 DEFAULT CHARSET=utf8mb4 COLLATE=utf8mb4_0900_ai_ci;
/*!40101 SET character_set_client = @saved_cs_client */;

--
-- Dumping data for table `ts_songtitle`
--

LOCK TABLES `ts_songtitle` WRITE;
/*!40000 ALTER TABLE `ts_songtitle` DISABLE KEYS */;
INSERT INTO `ts_songtitle` VALUES (1,'Tim McGraw','Taylor Swift',''),(2,'Picture to Burn','Taylor Swift',''),(3,'Teardrops On My Guitar','Taylor Swift',''),(4,'A Place In This World','Taylor Swift',''),(5,'Cold as You','Taylor Swift',''),(6,'The Outside','Taylor Swift',''),(7,'Tied Together with a Smile','Taylor Swift',''),(8,'Stay Beautiful','Taylor Swift',''),(9,'Should\'ve Said No','Taylor Swift',''),(10,'Mary\'s Song (Oh My My My)','Taylor Swift',''),(11,'Our Song','Taylor Swift',''),(12,'I\'m Only Me When I\'m With You','Beautiful Eyes',''),(13,'Invisible','Taylor Swift',''),(14,'A Perfectly Good Heart','Taylor Swift',''),(15,'Beautiful Eyes','Beautiful Eyes',''),(16,'I Heart ?','Beautiful Eyes',''),(17,'Fearless (Taylor\'s Version)','Fearless (Taylor\'s Version)',''),(18,'Fifteen (Taylor\'s Version)','Fearless (Taylor\'s Version)',''),(19,'Love Story (Taylor\'s Version)','Fearless (Taylor\'s Version)',''),(20,'Hey Stephen (Taylor\'s Version)','Fearless (Taylor\'s Version)',''),(21,'White Horse (Taylor\'s Version)','Fearless (Taylor\'s Version)',''),(22,'You Belong With Me (Taylor\'s Version)','Fearless (Taylor\'s Version)',''),(23,'Breathe (Taylor\'s Version)','Fearless (Taylor\'s Version)',''),(24,'Tell Me Why (Taylor\'s Version)','Fearless (Taylor\'s Version)',''),(25,'You\'re Not Sorry (Taylor\'s Version)','Fearless (Taylor\'s Version)',''),(26,'The Way I Loved You (Taylor\'s Version)','Fearless (Taylor\'s Version)',''),(27,'Forever & Always (Taylor\'s Version)','Fearless (Taylor\'s Version)',''),(28,'The Best Day (Taylor\'s Version)','Fearless (Taylor\'s Version)',''),(29,'Change (Taylor\'s Version)','Fearless (Taylor\'s Version)',''),(30,'Jump Then Fall (Taylor\'s Version)','Fearless (Taylor\'s Version)',''),(31,'Untouchable (Taylor\'s Version)','Fearless (Taylor\'s Version)',''),(32,'Come In With The Rain (Taylor\'s Version)','Fearless (Taylor\'s Version)',''),(33,'Superstar (Taylor\'s Version)','Fearless (Taylor\'s Version)',''),(34,'The Other Side of the Door (Taylor\'s Version)','Fearless (Taylor\'s Version)',''),(35,'Today Was a Fairytale (Taylor\'s Version)','Fearless (Taylor\'s Version)',''),(36,'You All Over Me (Taylor\'s Version) [From the Vault]','Fearless (Taylor\'s Version)',''),(37,'Mr. Perfectly Fine (Taylor\'s Version) [From the Vault]','Fearless (Taylor\'s Version)',''),(38,'We Were Happy (Taylor\'s Version) [From the Vault]','Fearless (Taylor\'s Version)',''),(39,'That\'s When (Taylor\'s Version) [From the Vault]','Fearless (Taylor\'s Version)',''),(40,'Don\'t You (Taylor\'s Version) [From the Vault]','Fearless (Taylor\'s Version)',''),(41,'Bye Bye Baby (Taylor\'s Version) [From the Vault]','Fearless (Taylor\'s Version)',''),(42,'Mine (Taylor\'s Version)','Speak Now (Taylor\'s Version)','Ah-ah, ah-ah\nAh-ah, ah-ah\n\n[Verse 1]\nYou were in college working part-time, waiting tables\nLeft a small town, never looked back\nI was a flight risk with a fear of falling\nWondering why we bother with love if it never lasts\n\n[Pre-Chorus]\nI say, \"Can you believe it?\"\nAs we\'re lying on the couch\nThe moment I could see it\nYes, yes, I can see it now\n\n[Chorus]\nDo you remember, we were sitting there by the water?\nYou put your arm around me for the first time\nYou made a rebel of a careless man\'s careful daughter\nYou are the best thing that\'s ever been mine\n\n[Verse 2]\nFlash forward and we\'re taking on the world together\nAnd there\'s a drawer of my things at your place\nYou learn my secrets and you figure out why I\'m guarded\nYou say we\'ll never make my parents\' mistakes\n\n[Pre-Chorus]\nBut we got bills to pay\nWe got nothing figured out\nWhen it was hard to take\nYes, yes, this is what I thought about\n\n[Chorus]\nDo you remember, we were sitting there by the water?\nYou put your arm around me for the first time\nYou made a rebel of a careless man\'s careful daughter\nYou are the best thing that\'s ever been mine\nDo you remember all the city lights on the water?\nYou saw me start to believe for the first time\nYou made a rebel of a careless man\'s careful daughter\nYou are the best thing that\'s ever been mine\n\n[Post-Chorus]\nOh-oh, oh\n\n[Bridge]\nAnd I remember that fight, 2:30 AM\nAs everything was slipping right out of our hands\nI ran out crying and you followed me out into the street\nBraced myself for the goodbye\n\'Cause it\'s all I\'ve ever known\nThen you took me by surprise\nYou said, \"I\'ll never leave you alone\" (Oh)\n[Chorus]\nYou said, \"I remember how we felt sitting by the water\nAnd every time I look at you, it\'s like the first time\nI fell in love with a careless man\'s careful daughter\nShe is the best thing that\'s ever been mine\"\n\n[Post-Chorus]\nHold on, make it last\nHold on, never turn back\n(Hold on) You made a rebel of a careless man\'s careful daughter\n(Hold on) You are the best thing that\'s ever been mine\n\n[Outro]\nDo you believe it? (Yeah, yeah, yeah)\nWe\'re gonna make it now (Yeah, yeah, yeah)\nAnd I can see it (Yeah, yeah)\nI can see it now'),(43,'Sparks Fly (Taylor\'s Version)','Speak Now (Taylor\'s Version)','The way you move is like a full on rainstorm\nAnd I\'m a house of cards\nYou\'re the kind of reckless that should send me runnin\'\nBut I kinda know that I won\'t get far\nAnd you stood there in front of me, just close enough to touch\nClose enough to hope you couldn\'t see what I was thinkin\' of\n\n[Chorus]\nDrop everything now, meet me in the pouring rain\nKiss me on the sidewalk, take away the pain\n\'Cause I see sparks fly whenever you smile\nGet me with those green eyes, baby, as the lights go down\nGive me something that\'ll haunt me when you\'re not around\n\'Cause I see sparks fly whenever you smile\n\n[Verse 2]\nMy mind forgets to remind me you\'re a bad idea\nYou touch me once and it\'s really somethin\'\nYou find I\'m even better than you imagined I would be\nI\'m on my guard for the rest of the world\nBut with you, I know it\'s no good\nAnd I could wait patiently, but I really wish you would\n\n[Chorus]\nDrop everything now, meet me in the pouring rain\nKiss me on the sidewalk, take away the pain\n\'Cause I see sparks fly whenever you smile\nGet me with those green eyes, baby, as the lights go down\nGive me something that\'ll haunt me when you\'re not around\n\'Cause I see sparks fly whenever you smile\n\n[Bridge]\nI\'ll run my fingers through your hair and watch the lights go wild\nJust keep on keepin\' your eyes on me\nIt\'s just wrong enough to make it feel right\nAnd lead me up the staircase, won\'t you whisper soft and slow?\nI\'m captivated by you, baby, like a fireworks show\n\n[Chorus]\nDrop everything now, meet me in the pouring rain\nKiss me on the sidewalk (Ah-ah), take away the pain\n\'Cause I see sparks fly whenever you smile\nGet me with those green eyes, baby, as the lights go down\nGive me something that\'ll haunt me when you\'re not around\n\'Cause I see sparks fly whenever you smile\n\n[Outro]\nAnd the sparks fly\nOh, baby, smile\nAnd the sparks fly'),(44,'Back To December (Taylor\'s Version)','Speak Now (Taylor\'s Version)','I\'m so glad you made time to see me\nHow\'s life? Tell me, how\'s your family?\nI haven\'t seen them in a while\nYou\'ve been good, busier than ever\nWe small talk, work and the weather\nYour guard is up and I know why\n\n[Pre-Chorus]\nBecause the last time you saw me\nIs still burned in the back of your mind\nYou gave me roses and I left them there to die\n\n[Chorus]\nSo, this is me swallowing my pride\nStandin\' in front of you sayin\', \"I\'m sorry for that night\"\nAnd I go back to December all the time\nIt turns out freedom ain\'t nothing but missin\' you\nWishin\' I\'d realized what I had when you were mine\nI go back to December, turn around and make it alright\nI go back to December all the time\n\n[Verse 2]\nThese days, I haven\'t been sleeping\nStayin\' up, playing back myself leavin\'\nWhen your birthday passed and I didn\'t call\nThen I think about summer, all the beautiful times\nI watched you laughin\' from the passenger side\nAnd realized I loved you in the fall\n\n[Pre-Chorus]\nAnd then the cold came, the dark days\nWhen fear crept into my mind\nYou gave me all your love and all I gave you was goodbye\n\n[Chorus]\nSo, this is me swallowing my pride\nStandin\' in front of you, sayin\', \"I\'m sorry for that night\"\nAnd I go back to December all the time\nIt turns out freedom ain\'t nothing but missin\' you\nWishin\' I\'d realized what I had when you were mine\nI go back to December, turn around and change my own mind\nI go back to December all the time\n\n[Bridge]\nI miss your tanned skin, your sweet smile\nSo good to me, so right\nAnd how you held me in your arms that September night\nThe first time you ever saw me cry\nMaybe this is wishful thinkin\'\nProbably mindless dreaming\nBut if we loved again, I swear I\'d love you right\nI\'d go back in time and change it, but I can\'t\nSo, if the chain is on your door, I understand\n\n[Chorus]\nBut this is me swallowing my pride\nStandin\' in front of you, sayin\', \"I\'m sorry for that night\"\nAnd I go back to December\nIt turns out freedom ain\'t nothing but missin\' you\nWishin\' I\'d realized what I had when you were mine\nI go back to December, turn around and make it alright\nI go back to December, turn around and change my own mind\nI go back to December all the time\n[Outro]\nAll the time'),(45,'Speak Now (Taylor\'s Version)','Speak Now (Taylor\'s Version)','I am not the kind of girl\nWho should be rudely bargin\' in on a white veil occasion\nBut you are not the kind of boy\nWho should be marrying the wrong girl\nI sneak in and see your friends\nAnd her snotty little family all dressed in pastel\nAnd she is yelling at a bridesmaid\nSomewhere back inside a room\nWearin\' a gown shaped like a pastry\n\n[Pre-Chorus]\nThis is surely not what you thought it would be\nI lose myself in a daydream\nWhere I stand and say\n\n[Chorus]\nDon\'t say yes, run away now\nI\'ll meet you when you\'re out\nOf the church, at the back door\nDon\'t wait or say a single vow\nYou need to hear me out\nAnd they said, \"Speak now\"\n\n[Verse 2]\nFond gestures are exchanged\nAnd the organ starts to play a song that sounds like a death march\nAnd I am hiding in the curtains\nIt seems that I was uninvited by your lovely bride-to-be\n\n[Pre-Chorus]\nShe floats down the aisle like a pageant queen\nBut I know you wish it was me\nYou wish it was me, don\'t you?\n\n[Chorus]\nDon\'t say yes, run away now\nI\'ll meet you when you\'re out\nOf the church, at the back door\nDon\'t wait or say a single vow\nYou need to hear me out\nAnd they said, \"Speak now\"\nDon\'t say yes, run away now (Run away now)\nI\'ll meet you when you\'re out\nOf the church, at the back door\nDon\'t wait or say a single vow (Say a single vow)\nYour time is running out\nAnd they said, \"Speak now\"\n\n[Post-Chorus]\nOoh (Run away now), la\nOoh (Say a single vow), ooh\n\n[Bridge]\nI hear the preacher say\n\"Speak now or forever hold your peace\"\nThere\'s the silence, there\'s my last chance\nI stand up with shaky hands, all eyes on me\nHorrified looks from everyone in the room\nBut I\'m only lookin\' at you\n[Verse 3]\nI am not the kind of girl\nWho should be rudely bargin\' in on a white veil occasion\nBut you are not the kind of boy\nWho should be marrying the wrong girl, haha\n\n[Chorus]\nSo, don\'t say yes, run away now\nI\'ll meet you when you\'re out\nOf the church, at the back door\nDon\'t wait or say a single vow\nYou need to hear me out\nThey said, \"Speak now\"\nAnd you say, \"Let\'s run away now (Run away now)\nI\'ll meet you when I\'m out\nOf my tux, at the back door\nBaby, I didn\'t say my vows (Say a single vow)\nSo glad you were around\nWhen they said, \'Speak now\'\"'),(46,'Dear John (Taylor\'s Version)','Speak Now (Taylor\'s Version)','Long were the nights\nWhen my days once revolved around you\nCounting my footsteps\nPrayin\' the floor won\'t fall through again\nAnd my mother accused me of losin\' my mind\nBut I swore I was fine\nYou paint me a blue sky\nThen go back and turn it to rain\nAnd I lived in your chess game\nBut you change the rules every day\nWonderin\' which version of you\nI might get on the phone tonight\nWell, I stopped pickin\' up\nAnd this song is to let you know why\n\n[Chorus]\nDear John, I see it all now that you\'re gone\nDon\'t you think I was too young to be messed with?\nThe girl in the dress cried the whole way home\nI shoulda known\n\n[Verse 2]\nWell, maybe it\'s me and my blind optimism to blame\nOr maybe it\'s you and your sick need\nTo give love and take it away\nAnd you\'ll add my name to your long list of traitors\nWho don\'t understand\nAnd I\'ll look back and regret how I ignored when they said\n\"Run as fast as you can\"\n\n[Chorus]\nDear John, I see it all now that you\'re gone\nDon\'t you think I was too young to be messed with?\nThe girl in the dress cried the whole way home\nDear John, I see it all now, it was wrong\nDon\'t you think nineteen\'s too young to be played by\nYour dark, twisted games when I loved you so?\nI shoulda known\n\n[Instrumental Break]\n\n[Bridge]\nYou are an expert at \"Sorry\" and keepin\' lines blurry\nNever impressed by me acing your tests\nAll the girls that you run dry have tired, lifeless eyes\n\'Cause you burned them out\nBut I took your matches before fire could catch me\nSo don\'t look now\nI\'m shining like fireworks over your sad, empty town\nOh\n\n[Chorus]\nDear John, I see it all now that you\'re gone\nDon\'t you think I was too young to be messed with?\nThe girl in the dress cried the whole way home\nI see it all now that you\'re gone\nDon\'t you think I was too young to be messed with?\nThe girl in the dress wrote you a song\nYou shoulda known\n[Outro]\nYou shoulda known\nDon\'t you think I was too young?\nYou shoulda known'),(47,'Mean (Taylor\'s Version)','Speak Now (Taylor\'s Version)','You, with your words like knives\nAnd swords and weapons that you use against me\nYou have knocked me off my feet again\nGot me feelin\' like a nothing\nYou, with your voice like nails on a chalkboard\nCalling me out when I\'m wounded\nYou, pickin\' on the weaker man\n\n[Pre-Chorus]\nWell, you can take me down\nWith just one single blow\nBut you don\'t know what you don\'t know\n\n[Chorus]\nSomeday, I\'ll be livin\' in a big ole city\nAnd all you\'re ever gonna be is mean\nSomeday, I\'ll be big enough so you can\'t hit me\nAnd all you\'re ever gonna be is mean\nWhy you gotta be so mean?\n\n[Verse 2]\nYou, with your switching sides\nAnd your wildfire lies and your humiliation\nYou have pointed out my flaws again\nAs if I don\'t already see them\nI walk with my head down, trying to block you out\n\'Cause I\'ll never impress you\nI just wanna feel okay again\n\n[Pre-Chorus]\nI bet you got pushed around\nSomebody made you cold\nBut the cycle ends right now\n\'Cause you can\'t lead me down that road\nAnd you don\'t know what you don\'t know\n\n[Chorus]\nSomeday, I\'ll be livin\' in a big ole city\nAnd all you\'re ever gonna be is mean\nSomeday, I\'ll be big enough so you can\'t hit me\nAnd all you\'re ever gonna be is mean\nWhy you gotta be so mean?\n\n[Bridge]\nAnd I can see you years from now in a bar\nTalking over a football game\nWith that same big, loud opinion, but nobody\'s listening\nWashed up and ranting about the same ole bitter things\nDrunk and grumbling on about how I can\'t sing\nBut all you are is mean\n\n[Buildup]\nAll you are is mean\nAnd a liar, and pathetic\nAnd alone in life, and mean\nAnd mean, and mean, and mean\n[Chorus]\nBut someday, I\'ll be livin\' in a big ole city\nAnd all you\'re ever gonna be is mean, yeah\nSomeday, I\'ll be big enough so you can\'t hit me\nAnd all you\'re ever gonna be is mean\nWhy you gotta be so mean?\nSomeday, I\'ll be livin\' in a big ole city\n(Why you gotta be so mean?)\nAnd all you\'re ever gonna be is mean\n(Why you gotta be so mean?)\nSomeday, I\'ll be big enough so you can\'t hit me\n(Why you gotta be so mean?)\nAnd all you\'re ever gonna be is mean\nWhy you gotta be so mean?'),(48,'The Story Of Us (Taylor\'s Version)','Speak Now (Taylor\'s Version)','I used to think one day we\'d tell the story of us\nHow we met and the sparks flew instantly\nAnd people would say, \"They\'re the lucky ones\"\nI used to know my place was the spot next to you\nNow I\'m searchin\' the room for an empty seat\n\'Cause lately I don\'t even know what page you\'re on\n\n[Pre-Chorus]\nOh, a simple complication\nMiscommunications lead to fallout\nSo many things that I wish you knew\nSo many walls up, I can\'t break through\n\n[Chorus]\nNow I\'m standin\' alone in a crowded room\nAnd we\'re not speakin\'\nAnd I\'m dyin\' to know, is it killin\' you\nLike it\'s killin\' me? Yeah\nI don\'t know what to say since the twist of fate\nWhen it all broke down\nAnd the story of us looks a lot like a tragedy now\n\n[Post-Chorus]\nNext chapter\n\n[Verse 2]\nHow\'d we end up this way?\nSee me nervously pulling at my clothes and tryin\' to look busy\nAnd you\'re doin\' your best to avoid me\nI\'m starting to think one day I\'ll tell the story of us\nHow I was losin\' my mind when I saw you here\nBut you held your pride like you should\'ve held me\n\n[Pre-Chorus]\nOh, I\'m scared to see the ending\nWhy are we pretending this is nothin\'?\nI\'d tell you I miss you, but I don\'t know how\nI\'ve never heard silence quite this loud\n\n[Chorus]\nNow I\'m standin\' alone in a crowded room\nAnd we\'re not speakin\'\nAnd I\'m dyin\' to know, is it killin\' you\nLike it\'s killin\' me? Yeah\nI don\'t know what to say since the twist of fate\nWhen it all broke down\nAnd the story of us looks a lot like a tragedy now\n\n[Bridge]\nThis is looking like a contest\nOf who can act like they care less\nBut I liked it better when you were on my side\nThe battle\'s in your hands now\nBut I would lay my armor down\nIf you said you\'d rather love than fight\n[Pre-Chorus]\nSo many things that you wish I knew\nBut the story of us might be ending soon\n\n[Chorus]\nNow I\'m standin\' alone in a crowded room\nAnd we\'re not speakin\'\nAnd I\'m dyin\' to know, is it killin\' you\nLike it\'s killin\' me? Yeah\nAnd I don\'t know what to say since the twist of fate\nWhen it all broke down\nAnd the story of us looks a lot like a tragedy now, now, now\nAnd we\'re not speakin\'\nAnd I\'m dyin\' to know, is it killin\' you\nLike it\'s killin\' me? Yeah\nI don\'t know what to say since the twist of fate\n\'Cause we\'re goin\' down\nAnd the story of us looks a lot like a tragedy now\n\n[Outro]\nThe end'),(49,'Never Grow Up (Taylor\'s Version)','Speak Now (Taylor\'s Version)','Your little hand\'s wrapped around my finger\nAnd it\'s so quiet in the world tonight\nYour little eyelids flutter \'cause you\'re dreaming\nSo I tuck you in, turn on your favorite nightlight\n\n[Pre-Chorus]\nTo you, everything\'s funny\nYou got nothing to regret\nI\'d give all I have, honey\nIf you could stay like that\n\n[Chorus]\nOh, darling, don\'t you ever grow up\nDon\'t you ever grow up, just stay this little\nOh, darling, don\'t you ever grow up\nDon\'t you ever grow up, it could stay this simple\nI won\'t let nobody hurt you\nWon\'t let no one break your heart\nAnd no one will desert you\nJust try to never grow up\n\n[Post-Chorus]\nAnd never grow up\n\n[Verse 2]\nYou\'re in the car, on the way to the movies\nAnd you\'re mortified your mom\'s droppin\' you off\nAt fourteen, there\'s just so much you can\'t do\nAnd you can\'t wait to move out someday and call your own shots\n\n[Pre-Chorus]\nBut don\'t make her drop you off around the block\nRemember that she\'s gettin\' older, too\nAnd don\'t lose the way that you dance around\nIn your PJs getting ready for school\n\n[Chorus]\nOh, darling, don\'t you ever grow up\nDon\'t you ever grow up, just stay this little\nOh, darling, don\'t you ever grow up\nDon\'t you ever grow up, it could stay this simple\nAnd no one\'s ever burned you\nNothing\'s ever left you scarred\nAnd even though you want to\nJust try to never grow up\n\n[Bridge]\nTake pictures in your mind of your childhood room\nMemorize what it sounded like when your dad gets home\nRemember the footsteps, remember the words said\nAnd all your little brother\'s favorite songs\nI just realized everything I have is, someday, gonna be gone\n\n[Verse 3]\nSo, here I am in my new apartment\nIn a big city, they just dropped me off\nIt\'s so much colder than I thought it would be\nSo I tuck myself in and turn my nightlight on\n[Chorus]\nWish I\'d never grown up\nWish I\'d never grown up\nOh, I don\'t wanna grow up\nWish I\'d never grown up, I could still be little\nOh, I don\'t wanna grow up\nWish I\'d never grown up, it could still be simple\nOh, darling, don\'t you ever grow up\nDon\'t you ever grow up, just stay this little\nOh, darling, don\'t you ever grow up\nDon\'t you ever grow up, it could stay this simple\nI won\'t let nobody hurt you (Never grow up)\nWon\'t let no one break your heart\nAnd even though you want to\nPlease, try to never grow up\n\n[Outro]\nOh, oh (Never grow up)\nJust never grow up\nOh (Never grow up)\nJust never grow up'),(50,'Enchanted (Taylor\'s Version)','Speak Now (Taylor\'s Version)','There I was again tonight\nForcing laughter, faking smiles\nSame old tired, lonely place\nWalls of insincerity\nShifting eyes and vacancy\nVanished when I saw your face\nAll I can say is it was enchanting to meet you\n\n[Verse 2]\nYour eyes whispered, \"Have we met?\"\nAcross the room, your silhouette\nStarts to make its way to me\nThe playful conversation starts\nCounter all your quick remarks\nLike passing notes in secrecy\nAnd it was enchanting to meet you\nAll I can say is I was enchanted to meet you\n\n[Chorus]\nThis night is sparklin\', don\'t you let it go\nI\'m wonderstruck, blushin\' all the way home\nI\'ll spend forever wonderin\' if you knew\nI was enchanted to meet you\n\n[Verse 3]\nThe lingering question kept me up\n2 a.m., who do you love?\nI wonder \'til I\'m wide awake\nAnd now, I\'m pacing back and forth\nWishing you were at my door\nI\'d open up and you would say\n\"Hey, it was enchanting to meet you\"\nAll I know is I was enchanted to meet you\n\n[Chorus]\nThis night is sparklin\', don\'t you let it go\nI\'m wonderstruck, blushin\' all the way home\nI\'ll spend forever wonderin\' if you knew\nThis night is flawless, don\'t you let it go\nI\'m wonderstruck, dancing around all alone\nI\'ll spend forever wonderin\' if you knew\nI was enchanted to meet you\n\n[Bridge]\nThis is me praying that\nThis was the very first page\nNot where the storyline ends\nMy thoughts will echo your name\nUntil I see you again\nThese are the words I held back\nAs I was leaving too soon\nI was enchanted to meet you\nPlease, don\'t be in love with someone else\nPlease, don\'t have somebody waitin\' on you\nPlease, don\'t be in love with someone else (Ooh)\nPlease, don\'t have somebody waitin\' on you (Oh-oh)\n\n[Chorus]\nThis night is sparklin\', don\'t you let it go\nI\'m wonderstruck, blushin\' all the way home\nI\'ll spend forever wonderin\' if you knew\nThis night is flawless (Please, don\'t be in love with someone else)\nDon\'t you let it go\nI\'m wonderstruck (Please, don\'t have somebody waitin\' on you)\nDancing around all alone\nI\'ll spend forever (Please, don\'t be in love with someone else)\nWonderin\' if you knew\nI was enchanted to meet you\n[Outro]\nPlease, don\'t be in love with someone else\nPlease, don\'t have somebody waitin\' on you'),(51,'Better Than Revenge (Taylor\'s Version)','Speak Now (Taylor\'s Version)','Now go stand in the corner and think about what you did (Ha)\nHaha, time for a little revenge\n\n[Verse 1]\nThe story starts when it was hot and it was summer, and\nI had it all, I had him right there where I wanted him\nShe came along, got him alone, and let\'s hear the applause\nShe took him faster than you can say \"Sabotage\"\nI never saw it coming, wouldn\'t have suspected it\nI underestimated just who I was dealing with (Oh)\nShe had to know the pain was beating on me like a drum\nShe underestimated just who she was stealin\' from\n\n[Chorus]\nShe\'s not a saint and she\'s not what you think\nShe\'s an actress, woah\nHe was a moth to the flame\nShe was holding the matches, woah\nSoon, she\'s gonna find stealing other people\'s toys\nOn the playground won\'t make you many friends\nShe should keep in mind, she should keep in mind\nThere is nothing I do better than revenge (Revenge), ha\n\n[Verse 2]\nShe looks at life like it\'s a party and she\'s on the list\nShe looks at me like I\'m a trend and she\'s so over it\nI think her ever-present frown is a little troubling, and\nShe thinks I\'m psycho \'cause I like to rhyme her name with things\nBut sophistication isn\'t what you wear or who you know\nOr pushing people down to get you where you wanna go\nThey didn\'t teach you that in prep school so it\'s up to me\nThat no amount of vintage dresses gives you dignity\n(Think about what you did)\n\n[Chorus]\nShe\'s not a saint and she\'s not what you think\nShe\'s an actress, woah\nHe was a moth to the flame\nShe was holding the matches, woah\nSoon, she\'s gonna find stealing other people\'s toys\nOn the playground won\'t make you many friends\nShe should keep in mind, she should keep in mind\nThere is nothing I do better than revenge (Haha)\n\n[Bridge]\nI\'m just another thing for you to roll your eyes at, honey\nYou might have him, but haven\'t you heard?\nI\'m just another thing for you to roll your eyes at, honey\nYou might have him, but I always get the last word\nWoah (Come on, can you take it back? Come on)\n\n[Chorus]\nShe\'s not a saint and she\'s not what you think (No)\nShe\'s an actress, woah (You know that you deserve this)\nHe was a moth to the flame\nShe was holding the matches, woah\nSoon, she\'s gonna find stealing other people\'s toys\nOn the playground won\'t make you many friends\nShe should keep in mind, she should keep in mind\nThere is nothing I do better than revenge\n[Outro]\n(Come on) Do you still feel like you know what you\'re doin\'?\n\'Cause I don\'t think you do, oh (No, no, no, no)\nDo you still feel like you know what you\'re doing? (No)\nI don\'t think you do, I don\'t think you do\nLet\'s hear the applause (Come on, come on)\nCome on, show me how much better you are (Oh, oh)\n(So much better, yeah?)\nSo you deserve some applause\n\'Cause you\'re so much better\nShe took him faster than you could say \"Sabotage\"'),(52,'Innocent (Taylor\'s Version)','Speak Now (Taylor\'s Version)','I guess you really did it this time\nLeft yourself in your war path\nLost your balance on a tightrope\nLost your mind tryin\' to get it back\n\n[Pre-Chorus]\nWasn\'t it easier in your lunchbox days?\nAlways a bigger bed to crawl into\nWasn\'t it beautiful when you believed in everything\nAnd everybody believed in you?\n\n[Chorus]\nIt\'s alright, just wait and see\nYour string of lights are still bright to me, oh\nWho you are is not where you\'ve been\nYou\'re still an innocent\nYou\'re still an innocent\n\n[Verse 2]\nDid some things you can\'t speak of\nBut at night, you live it all again\nYou wouldn\'t be shattered on the floor now\nIf only you had seen what you know now then\n\n[Pre-Chorus]\nWasn\'t it easier in your firefly-catching days?\nWhen everything out of reach\nSomeone bigger brought down to you\nWasn\'t it beautiful running wild \'til you fell asleep\nBefore the monsters caught up to you?\n\n[Chorus]\nIt\'s alright, just wait and see\nYour string of lights are still bright to me, oh\nWho you are is not where you\'ve been\nYou\'re still an innocent\nIt\'s okay, life is a tough crowd\nThirty-two and still growing up now\nWho you are is not what you did\nYou\'re still an innocent\n\n[Bridge]\nTime turns flames to embers\nYou\'ll have new Septembers\nEvery one of us has messed up, too, ooh\nMinds change like the weather\nI hope you remember\nToday is never too late to be brand new\nOh, oh\n\n[Chorus]\nIt\'s alright, just wait and see\nYour string of lights is still bright to me, oh\nWho you are is not where you\'ve been\nYou\'re still an innocent\nIt\'s okay, life is a tough crowd\nThirty-two and still growing up now\nWho you are is not what you did\nYou\'re still an innocent\nYou\'re still an innocent\n[Outro]\nLost your balance on a tightrope, oh\nIt\'s never too late to get it back'),(53,'Haunted (Taylor\'s Version)','Speak Now (Taylor\'s Version)','You and I walk a fragile line\nI have known it all this time\nBut I never thought I\'d live to see it break\nIt\'s getting dark and it\'s all so quiet\nAnd I can\'t trust anything now\nAnd it\'s coming over you like it\'s all a big mistake\n\n[Pre-Chorus]\nOh, holding my breath\nWon\'t lose you again\nSomething\'s made your eyes go cold\n\n[Chorus]\nCome on, come on, don\'t leave me like this\nI thought I had you figured out\nSomething\'s gone terribly wrong\nYou\'re all I wanted\nCome on, come on, don\'t leave me like this\nI thought I had you figured out\nCan\'t breathe whenever you\'re gone\nCan\'t turn back now, I\'m haunted\n\n[Verse 2]\nStood there and watched you walk away\nFrom everything we had\nBut I still mean every word I said to you\nHe will try to take away my pain\nAnd he just might make me smile\nBut the whole time, I\'m wishing he was you instead\n\n[Pre-Chorus]\nOh, holding my breath\nWon\'t see you again\nSomething keeps me holding onto nothing\n\n[Chorus]\nCome on, come on, don\'t leave me like this\nI thought I had you figured out\nSomething\'s gone terribly wrong\nYou\'re all I wanted\nCome on, come on, don\'t leave me like this\nI thought I had you figured out\nCan\'t breathe whenever you\'re gone\nCan\'t turn back now, I\'m haunted\n\n[Bridge]\nI know, I know\nI just know\nYou\'re not gone\nYou can\'t be gone, no\n\n[Chorus]\nCome on, come on, don\'t leave me like this\nI thought I had you figured out\nSomething\'s gone terribly wrong (Terribly wrong)\nWon\'t finish what you started\nCome on, come on, don\'t leave me like this\nI thought I had you figured out\nCan\'t breathe whenever you\'re gone\nI can\'t go back, I\'m haunted\n[Outro]\nOh\nYou and I walk a fragile line\nI have known it all this time\nNever ever thought I\'d see it break\nNever thought I\'d see it'),(54,'Last Kiss (Taylor\'s Version)','Speak Now (Taylor\'s Version)','I still remember the look on your face\nLit through the darkness at 1:58\nThe words that you whispered for just us to know\nYou told me you loved me, so why did you go away?\nAway\nI do recall now, the smell of the rain\nFresh on the pavement, I ran off the plane\nThat July ninth, the beat of your heart\nIt jumps through your shirt, I can still feel your arms\n\n[Pre-Chorus]\nBut now I\'ll go\nSit on the floor wearin\' your clothes\nAll that I know is I don\'t know\nHow to be somethin\' you miss\n\n[Chorus]\nI never thought we\'d have a last kiss\nI never imagined we\'d end like this\nYour name, forever the name on my lips\n\n[Verse 2]\nI do remember the swing of your step\nThe life of the party, you\'re showin\' off again\nAnd I\'d roll my eyes and then you\'d pull me in\nI\'m not much for dancin\', but for you, I did\nBecause I love your handshake meetin\' my father\nI love how you walk with your hands in your pockets\nHow you\'d kiss me when I was in the middle of saying something\nThere\'s not a day I don\'t miss those rude interruptions\n\n[Pre-Chorus]\nAnd I\'ll go\nSit on the floor wearin\' your clothes\nAll that I know is I don\'t know\nHow to be somethin\' you miss\n\n[Chorus]\nI never thought we\'d have a last kiss\nI never imagined we\'d end like this\nYour name, forever the name on my lips, mmm\n\n[Bridge]\nSo I\'ll watch your life in pictures like I used to watch you sleep\nAnd I feel you forget me like I used to feel you breathe\nAnd I\'ll keep up with our old friends just to ask them how you are\nHope it\'s nice where you are\n\n[Verse 3]\nAnd I hope the sun shines and it\'s a beautiful day\nAnd something reminds you you wish you had stayed\nYou can plan for a change in the weather and time\nBut I never planned on you changing your mind\n\n[Pre-Chorus]\nSo I\'ll go\nSit on the floor wearin\' your clothes\nAll that I know is I don\'t know\nHow to be somethin\' you miss\n[Chorus]\nI never thought we\'d have a last kiss\nI never imagined we\'d end like this\nYour name, forever the name on my lips\n\n[Outro]\nJust like our last kiss\nForever the name on my lips\nForever the name on my lips\nJust like our last'),(55,'Long Live (Taylor\'s Version)','Speak Now (Taylor\'s Version)','I said, \"Remember this moment\"\nIn the back of my mind\nThe time we stood with our shaking hands\nThe crowds in stands went wild\nWe were the kings and the queens\nAnd they read off our names\nThe night you danced like you knew our lives\nWould never be the same\nYou held your head like a hero\nOn a history book page\nIt was the end of a decade\nBut the start of an age\n\n[Chorus]\nLong live the walls we crashed through\nHow the kingdom lights shined just for me and you\nI was screaming, \"Long live all the magic we made\"\nAnd bring on all the pretenders\nOne day, we will be remembered\n\n[Verse 2]\nI said, \"Remember this feeling\"\nI pass the pictures around\nOf all the years that we stood there on the sidelines\nWishin\' for right now\nWe are the kings and the queens\nYou traded your baseball cap for a crown\nWhen they gave us our trophies\nAnd we held them up for our town\nAnd the cynics were outraged\nScreaming, \"This is absurd\"\n\'Cause for a moment, a band of thieves\nIn ripped up jeans got to rule the world\n\n[Chorus]\nLong live the walls we crashed through\nHow the kingdom lights shined just for me and you\nI was screaming, \"Long live all the magic we made\"\nAnd bring on all the pretenders, I\'m not afraid\nLong live all the mountains we moved\nI had the time of my life fighting dragons with you\nI was screaming, \"Long live that look on your face\"\nAnd bring on all the pretenders\nOne day, we will be remembered\n\n[Bridge]\nHold on to spinning around\nConfetti falls to the ground\nMay these memories break our fall\nWill you take a moment? Promise me this\nThat you\'ll stand by me forever\nBut if, God forbid, fate should step in\nAnd force us into a goodbye\nIf you have children some day\nWhen they point to the pictures\nPlease, tell \'em my name\nTell \'em how the crowds went wild\nTell \'em how I hope they shine\nLong live the walls we crashed through\nI had the time of my life with you\n[Chorus]\nLong, long live the walls we crashed through\nHow the kingdom lights shined just for me and you\nAnd I was screaming, \"Long live all the magic we made\"\nAnd bring on all the pretenders, I\'m not afraid\nSinging, \"Long live all the mountains we moved\"\nI had the time of my life fighting dragons with you\nAnd long, long live that look on your face\nAnd bring on all the pretenders\nOne day, we will be remembered'),(56,'Ours (Taylor\'s Version)','Speak Now (Taylor\'s Version)','Elevator buttons and morning air\nStrangers\' silence makes me want to take the stairs\nIf you were here, we\'d laugh about their vacant stares\nBut right now, my time is theirs\nSeems like there\'s always someone who disapproves\nThey\'ll judge it like they know about me and you\nAnd the verdict comes from those with nothing else to do\nThe jury\'s out, but my choice is you\n\n[Chorus]\nSo don\'t you worry your pretty little mind\nPeople throw rocks at things that shine\nAnd life makes love look hard\nThe stakes are high, the water\'s rough\nBut this love is ours\n\n[Verse 2]\nYou never know what people have up their sleeves\nGhosts from your past gonna jump out at me\nLurking in the shadows with their lip gloss smiles\nBut I don\'t care, \'cause right now, you\'re mine\nAnd you\'ll say\n\n[Chorus]\nDon\'t you worry your pretty little mind\nPeople throw rocks at things that shine\nAnd life makes love look hard\nThe stakes are high, the water\'s rough\nBut this love is ours\n\n[Bridge]\nAnd it\'s not theirs to speculate if it\'s wrong and\nYour hands are tough, but they are where mine belong and\nI\'ll fight their doubt and give you faith with this song for you\n\'Cause I love the gap between your teeth\nAnd I love the riddles that you speak\nAnd any snide remarks from my father about your tattoos\nWill be ignored, \'cause my heart is yours\n\n[Chorus]\nSo don\'t you worry your pretty little mind\nPeople throw rocks at things that shine\nAnd life makes love look hard\nDon\'t you worry your pretty little mind\nPeople throw rocks at things that shine\nBut they can\'t take what\'s ours\nThey can\'t take what\'s ours\nThe stakes are high, the water\'s rough\nBut this love is ours'),(57,'Superman (Taylor\'s Version)','Speak Now (Taylor\'s Version)','Tall, dark, and superman\nHe puts papers in his briefcase and drives away\nTo save the world or go to work\nIt\'s the same thing to me\nHe\'s got his mother\'s eyes, his father\'s ambition\nI wonder if he knows how much that I miss him\nI hang on every word you say\nAnd you smile and say, \"How are you?\"\nAnd I\'ll say, \"Just fine\"\nI always forget to tell you, \"I love you\"\nI love you forever\n\n[Chorus]\nI watch Superman fly away\nYou\'ve got a busy day today\nGo save the world, I\'ll be around\nAnd I watch Superman fly away\nCome back, I\'ll be with you someday\nI\'ll be right here on the ground\nWhen you come back down\n\n[Verse 2]\nTall, dark and beautiful\nHe\'s complicated, he\'s irrational\nBut I hope someday you\'ll take me away, and save the day, yeah\nSomething in his deep brown eyes has me sayin\'\nHe\'s not all bad like his reputation\nAnd I can\'t hear one single word they say\nAnd you\'ll leave, got places to be, and I\'ll be okay\nI always forget to tell you, \"I love you\"\nI loved you from the very first day\n\n[Chorus]\nI watch Superman fly away\nYou\'ve got a busy day today\nGo save the world, I\'ll be around\nAnd I watch Superman fly away\nCome back, I\'ll be with you someday\nI\'ll be right here on the ground\nWhen you come back down\n\n[Bridge]\nAnd I watch you fly around the world\nAnd I hope you don\'t save some other girl\nDon\'t forget, don\'t forget about me\nI\'m far away, but I never let you go\nI\'m love-struck and looking out the window\nDon\'t forget, don\'t forget where I\'ll be\n\n[Breakdown]\nRight here, wishing the flowers were from you\nWishing the card was from you\nWishing the call was from you\n\'Cause I loved you from the very first day\n\n[Chorus]\nI watch Superman fly away\nYou\'ve got a busy day today\nGo save the world, I\'ll be around\nForever and ever\nAnd I watch Superman fly away\nI swear, I\'ll be with you someday\nI\'ll be right here on the ground\nWhen you come back down\n[Outro]\nLa, la, la, la, la, la\nLa, la, la, la, la, la\nWhen you come back down'),(58,'Electric Touch (Taylor\'s Version) [From The Vault]','Speak Now (Taylor\'s Version)','Just breathe, just relax, it\'ll be okay\nJust an hour \'til your car\'s in the driveway\nJust the first time ever hangin\' out with you tonight\nI\'ve got my money on things goin\' badly\nGot a history of stories ending sadly\nStill hoping that the fire won\'t burn me\nJust one time, just one time\n\n[Chorus: Taylor Swift]\nAll I know is this could either break my heart or bring it back to life\nGot a feelin\' your electric touch could fill this ghost town up with life\nAnd I want you now, wanna need you forever\nIn the heat of your electric touch, mmm\n\n[Verse 2: Patrick Stump, Taylor Swift & Patrick Stump]\nI\'ve been left in the rain lost and pining\nI\'m tryin\' hard not to look like I\'m trying\n\'Cause every time I tried hard for love, it fell apart (Woah)\nI\'ve gotten used to no one callin\' my phone\nI\'ve grown accustomed to sleepin\' alone\nStill, I know that all it takes is to get it right\nJust one time, just one time\n\n[Chorus: Taylor Swift & Patrick Stump]\nAll I know is this could either break my heart or bring it back to life\nGot a feelin\' your electric touch could fill this ghost town up with life\nAnd I want you now, wanna need you forever\nIn the heat of your electric touch, mmm\n\n[Bridge: Taylor Swift, Patrick Stump]\nI was thinking just one time (Just one time)\nMaybe the stars align (Just one time)\nAnd maybe I call you mine\nAnd you won\'t need space\nOr string me along while you decide\nAnd just one time (Just one time)\nMaybe the moment\'s right (The moment\'s right)\nIt\'s 8:05 and I see two headlights\n\n[Chorus: Both, Taylor Swift, Patrick Stump]\nAll I know is this could either break my heart or bring it back to life\nGot a feelin\' your electric touch (Ooh)\nAll I know is this could either break my heart or bring it back to life\nGot a feelin\' your electric touch could fill this ghost town up with life (Life)\nAnd I want you now, wanna need you forever\nIn the heat of your electric touch, mmm'),(59,'When Emma Falls in Love (Taylor\'s Version) [From The Vault]','Speak Now (Taylor\'s Version)','When Emma falls in love, she paces the floor\nCloses the blinds and locks the door\nWhen Emma falls in love, she calls up her mom\nJokes about the ways that this one could go wrong\nShe waits and takes her time\n\'Cause Little Miss Sunshine always thinks it\'s gonna rain\nWhen Emma falls in love, I know\nThat boy will never be the same\n\n[Chorus]\n\'Cause she\'s the kind of book that you can\'t put down\nLike if Cleopatra grew up in a small town\nAnd all the bad boys would be good boys\nIf they only had a chance to love her\nAnd to tell you the truth, sometimes I wish I was her\n\n[Verse 2]\nWhen Emma falls in love, it\'s all on her face\nHangs in the air like stars in outer space\nWhen Emma falls in love, she disappears\nAnd we all just laugh after seein\' it all these years\nWhen Emma falls apart, it\'s when she\'s alone\nShe takes on the pain and bears it on her own\n\'Cause when Emma falls in love, she\'s in it for keeps\nShe won\'t walk away unless she knows she absolutely has to leave\n\n[Chorus]\nAnd she\'s the kind of book that you can\'t put down\nLike if Cleopatra grew up in a small town\nAnd all the bad boys would be good boys\nIf they only had a chance to love her\nAnd to tell you the truth, sometimes I wish I was her\n\n[Bridge]\nWell, she\'s so New York when she\'s in L.A.\nShe won\'t lose herself in love the way that I did\n\'Cause she\'ll call you out, she\'ll put you in your place\nWhen Emma falls in love, I\'m learning\n\n[Verse 3]\nEmma met a boy with eyes like a man\nTurns out her heart fits right in the palm of his hand\nNow he\'ll be her shelter when it rains\nLittle does he know, his whole world\'s about to change\n\n[Chorus]\n\'Cause she\'s the kind of book that you can\'t put down\nLike if Cleopatra grew up in a small town\nAnd all the bad boys would be good boys\nIf they only had a chance to love her\nAnd to tell you the truth, sometimes I wish I was her\n[Outro]\nYeah, between me and you, sometimes I wish I was her'),(60,'I Can See You (Taylor\'s Version) [From The Vault]','Speak Now (Taylor\'s Version)','I-I-I-I\n\n[Verse 1]\nYou brush past me in the hallway\nAnd you don\'t think I, I, I can see ya, do ya?\nI\'ve been watchin\' you for ages\nAnd I spend my time tryin\' not to feel it\n\n[Pre-Chorus]\nBut what would you do if I went to touch you now?\nWhat would you do if they never found us out?\nWhat would you do if we never made a sound?\n\n[Chorus]\n\'Cause I can see you waitin\' down the hall from me\nAnd I could see you up against the wall with me\nAnd what would you do? Baby, if you only knew\nThat I can see you\n\n[Post-Chorus]\nI-I-I-I\n\n[Verse 2]\nAnd we kept everything professional\nBut something\'s changed, it\'s somethin\' I, I like\nThey keep watchful eyes on us\nSo it\'s best that we move fast and keep quiet\nYou won\'t believe half the things I see inside my head\nWait \'til you see half the things that haven\'t happened yet\n\n[Pre-Chorus]\nBut what would you do if I went to touch you now?\nWhat would you do if they never found us out?\nWhat would you do if we never made a sound?\n\n[Chorus]\n\'Cause I can see you waitin\' down the hall from me\nAnd I could see you up against the wall with me\nAnd what would you do? Baby, if you only knew, oh, oh, oh\nThat I could see you throw your jacket on the floor\nI could see you, make me want you even more\nWhat would you do? Baby, if you only knew\nThat I can see you\n\n[Post-Chorus]\nI-I-I-I\n\n[Bridge]\nI can see you in your suit and your necktie\nPassed me a note sayin\', \"Meet me tonight\"\nThen we kiss and you know I won\'t ever tell, yeah\nAnd I could see you being my addiction\nYou can see me as a secret mission\nHide away and I will start behaving myself\n\n[Pre-Chorus]\nI-I-I-I\nOh-oh, oh, oh\n[Chorus]\nI can see you waitin\' down the hall from me\nAnd I could see you up against the wall with me\nAnd what would you do? Baby, if you only knew, oh\nThat I could see you throw your jacket on the floor\nI could see you, make me want you even more\nWhat would you do? Baby, if you only knew\nThat I can see you, oh, I can see you\n\n[Outro]\nOh, I see you, I see you, baby\nI see you\n(I-I-I-I) I see you, I see you, baby\nOh, baby'),(61,'Castles Crumbling (Taylor\'s Version) [From The Vault]','Speak Now (Taylor\'s Version)','(Once, I had an empire)\n(Once, I had an empire)\n(Once, I had an empire)\n\n[Verse 1: Taylor Swift]\nOnce, I had an empire in a golden age\nI was held up so high, I used to be great\nThey used to cheer when they saw my face\nNow, I fear I have fallen from grace\n\n[Chorus: Taylor Swift, Taylor Swift & Hayley Williams]\nAnd I feel like my castle\'s crumbling down\nAnd I watch all my bridges burn to the ground\nAnd you don\'t want to know me, I will just let you down\nYou don\'t wanna know me now\n\n[Verse 2: Hayley Williams, Taylor Swift & Hayley Williams]\nOnce, I was the great hope for a dynasty\nCrowds would hang on my words and they trusted me\nTheir faith was strong, but I pushed it too far\nI held that grudge \'til it tore me apart\n\n[Pre-Chorus: Taylor Swift & Hayley Williams, Taylor Swift]\nPower went to my head and I couldn\'t stop\nOnes I loved tried to help, so I ran them off\nAnd here I sit alone behind walls of regret\nFalling down like promises that I never kept\n\n[Chorus: Taylor Swift & Hayley Williams, Taylor Swift]\nAnd I feel like my castle\'s crumbling down\nAnd I watch all my bridges burn to the ground\nAnd you don\'t want to know me, I will just let you down\nYou don\'t wanna know me now\n\n[Bridge: Taylor Swift]\nMy foes and friends watch my reign end\nI don\'t know how it could\'ve ended this way\nSmoke billows from my ships in the harbor\nPeople look at me like I\'m a monster\nNow they\'re screamin\' at the palace front gates\nUsed to chant my name\nNow they\'re screaming that they hate me\nNever wanted you to hate me\n\n[Chorus: Taylor Swift, Taylor Swift & Hayley Williams]\nMy castle\'s crumbling down\nAnd I watch all my bridges burn to the ground\nAnd you don\'t want to know me, I will just let you down (Just let you down)\nMy castle\'s crumbling down\nYou don\'t wanna know me now, now\n\n[Outro: Taylor Swift]\n(Once, I had an empire)\n(Once, I had an empire)\n(Once, I had an empire)'),(62,'Foolish One (Taylor\'s Version) [From The Vault]','Speak Now (Taylor\'s Version)','My cards are on the table, yours are in your hand\nChances are, tonight, you\'ve already got plans\nAnd chances are I will talk myself to sleep again\nYou give me just enough attention to keep my hopes too high\nWishful thoughts forget to mention when something\'s really not right\nAnd I will block out these voices of reason in my head\n\n[Pre-Chorus]\nAnd the voices say, \"You are not the exception\nYou will never learn your lesson\"\n\n[Chorus]\nFoolish one\nStop checkin\' your mailbox for confessions of love\nThat ain\'t never gonna come\nYou will take the long way, you will take the long way down\n\n[Verse 2]\nYou know how to keep me waitin\'\nI know how to act like I\'m fine\nDon\'t know what to call this situation\nBut I know I can\'t call you mine\nAnd it\'s delicate, but I will do my best to seem bulletproof\n\'Cause when my head is on your shoulder\nIt starts thinkin\' you\'ll come around\nAnd maybe, someday, when we\'re older\nThis is something we\'ll laugh about\nOver coffee every mornin\' while you\'re watching the news\n\n[Pre-Chorus]\nBut then the voices say, \"You are not the exception\nYou will never learn your lesson\"\n\n[Chorus]\nFoolish one\nStop checkin\' your mailbox for confessions of love\nThat ain\'t never gonna come\nYou will take the long way, you will take the long way down\nFoolish one\nStop checkin\' your mailbox for confessions of love\nThat ain\'t never gonna come\nYou will learn the hard way instead of just walkin\' out\n\n[Bridge]\nNow I\'m slidin\' down the wall with my head in my hands\nSayin\', \"How could I not see the signs?\"\nOh, you haven\'t written me or called\nBut goodbye screamin\' in the silence\nAnd the voices in my head are tellin\' me why\n\'Cause you got her on your arm and me in the wings\nI\'ll get your longing glances, but she\'ll get your ring\nAnd you will say you had the best of intentions\nAnd maybe I will finally learn my lesson\n\n[Chorus]\nFoolish one\nStop checkin\' your mailbox for confessions of love\nThat ain\'t never gonna come\nYou will take the long way, you will take the long way down\nFoolish one\nStop checkin\' your mailbox for confessions of love\nThat ain\'t never gonna come\nYou will learn the hard way instead of just walkin\' out, oh-oh, oh, oh\n[Outro]\nLa-la-la-la-la, la-la-la-la, oh\nLa-la-la-la-la\nAin\'t never gonna come\nOoh, you will learn the hard way now\nFoolish one\nSittin\' \'round waiting for confessions of love\nThey ain\'t never gonna come\nAnd thinkin\' he\'s the one, you should\'ve been walkin\' out\nFoolish one\nThe day is gonna come for your confessions of love\nWhen all is said and done, he just wasn\'t the one\nNo, he just wasn\'t the one'),(63,'Timeless (Taylor\'s Version) [From The Vault]','Speak Now (Taylor\'s Version)','Down the block, there\'s an antique shop\nAnd something in my head said, \"Stop,\" so I walked in\nOn the counter was a cardboard box\nAnd the sign said, \"Photos: twenty-five cents each\"\nBlack and white, saw a 30s bride\nAnd school lovers laughin\' on the porch of their first house\nThe kinda love that you only find once in a lifetime\nThe kind you don\'t put down\n\n[Pre-Chorus]\nAnd that\'s when I called you and it\'s so hard to explain\nBut in those photos, I saw us instead\nAnd, somehow, I know that you and I would\'ve found each other\nIn another life, you still would\'ve turned my head even if we\'d met\n\n[Chorus]\nOn a crowded street in 1944\nAnd you were headed off to fight in the war\nYou still would\'ve been mine\nWe would have been timeless\nI would\'ve read your love letters every single night\nAnd prayed to God you\'d be comin\' home all right\nAnd you would\'ve been fine\nWe would have been timeless\n\'Cause I believe that we were supposed to find this\nSo, even in a different life, you still would\'ve been mine\nWe would\'ve been timeless\n\n[Verse 2]\nI had to smile when it caught my eye\nThere was one of a teenage couple in the driveway\nHoldin\' hands on the way to a dance\nAnd the date on the back said 1958\nWhich brought me back to the first time I saw you\nTime stood still like somethin\' in this old shop\nI thought about it as I started lookin\' \'round\nAt these precious things that time forgot\n\n[Pre-Chorus]\nThat\'s when I came upon a book covered in cobwebs\nStory of a romance torn apart by fate\nHundreds of years ago, they fell in love, like we did\nAnd I\'d die for you in the same way if I first saw your face\n\n[Chorus]\nIn the 1500s, off in a foreign land\nAnd I was forced to marry another man\nYou still would\'ve been mine\nWe would have been timeless\nI would\'ve read your love letters every single night\nAnd run away and left it all behind\nYou still would\'ve been mine\nWe would\'ve been timeless\n\'Cause I believe that we were supposed to find this\nSo, even in a different life, you still would\'ve been mine\nWe would\'ve been timeless\n[Bridge]\nTime breaks down your mind and body\nDon\'t you let it touch your soul\nIt was like an age-old classic\nThe first time that you saw me\nThe story started when you said, \"Hello\"\n\n[Chorus]\nIn a crowded room a few short years ago\nAnd sometimes there\'s no proof, you just know\nYou\'re always gonna be mine\nWe\'re gonna be\nI\'m gonna love you when our hair is turnin\' gray\nWe\'ll have a cardboard box of photos of the life we\'ve made\nAnd you\'ll say, \"Oh my, we really were timeless\"\n\n[Post-Chorus]\nWe\'re gonna be timeless, timeless\nYou still would\'ve been mine\nWe would\'ve been\nEven if we\'d met on a crowded street in 1944\nYou still would\'ve been mine\nWe would\'ve been\n\n[Outro]\nDown the block, there\'s an antique shop\nAnd somethin\' in my head said, \"Stop,\" so I walked in'),(64,'State of Grace (Taylor\'s Version)','Red (Taylor\'s Version)',''),(65,'Red (Taylor\'s Version)','Red (Taylor\'s Version)',''),(66,'Treacherous (Taylor\'s Version)','Red (Taylor\'s Version)',''),(67,'I Knew You Were Trouble (Taylor\'s Version)','Red (Taylor\'s Version)',''),(68,'All Too Well (Taylor\'s Version)','Red (Taylor\'s Version)',''),(69,'22 (Taylor\'s Version)','Red (Taylor\'s Version)',''),(70,'I Almost Do (Taylor\'s Version)','Red (Taylor\'s Version)',''),(71,'We Are Never Ever Getting Back Together (Taylor\'s Version)','Red (Taylor\'s Version)',''),(72,'Stay Stay Stay (Taylor\'s Version)','Red (Taylor\'s Version)',''),(73,'The Last Time (Taylor\'s Version)','Red (Taylor\'s Version)',''),(74,'Holy Ground (Taylor\'s Version)','Red (Taylor\'s Version)',''),(75,'Sad Beautiful Tragic (Taylor\'s Version)','Red (Taylor\'s Version)',''),(76,'The Lucky One (Taylor\'s Version)','Red (Taylor\'s Version)',''),(77,'Everything Has Changed (Taylor\'s Version)','Red (Taylor\'s Version)',''),(78,'Starlight (Taylor\'s Version)','Red (Taylor\'s Version)',''),(79,'Begin Again (Taylor\'s Version)','Red (Taylor\'s Version)',''),(80,'The Moment I Knew (Taylor\'s Version)','Red (Taylor\'s Version)',''),(81,'Come Back...Be Here (Taylor\'s Version)','Red (Taylor\'s Version)',''),(82,'Girl At Home (Taylor\'s Version)','Red (Taylor\'s Version)',''),(83,'Ronan (Taylor\'s Version)','Red (Taylor\'s Version)',''),(84,'Better Man (Taylor\'s Version) [From The Vault]','Red (Taylor\'s Version)',''),(85,'Nothing New (Taylor\'s Version) [From The Vault]','Red (Taylor\'s Version)',''),(86,'Babe (Taylor\'s Version) [From The Vault]','Red (Taylor\'s Version)',''),(87,'Message In A Bottle (Taylor\'s Version) [From The Vault]','Red (Taylor\'s Version)',''),(88,'I Bet You Think About Me (Taylor\'s Version) [From the Vault]','Red (Taylor\'s Version)',''),(89,'Forever Winter (Taylor\'s Version) [From The Vault]','Red (Taylor\'s Version)',''),(90,'Run (Taylor\'s Version) [From The Vault]','Red (Taylor\'s Version)',''),(91,'The Very First Night (Taylor\'s Version) [From The Vault]','Red (Taylor\'s Version)',''),(92,'All Too Well (10 Minute Version) (Taylor\'s Version) [From The Vault]','Red (Taylor\'s Version)','I walked through the door with you, the air was cold\nBut somethin\' \'bout it felt like home somehow\nAnd I left my scarf there at your sister\'s house\nAnd you\'ve still got it in your drawer, even now\n\n[Verse 2]\nOh, your sweet disposition and my wide-eyed gaze\nWe\'re singin\' in the car, getting lost upstate\nAutumn leaves fallin\' down like pieces into place\nAnd I can picture it after all these days\n\n[Pre-Chorus]\nAnd I know it\'s long gone and\nThat magic\'s not here no more\nAnd I might be okay, but I\'m not fine at all\nOh, oh, oh\n\n[Chorus]\n\'Cause there we are again on that little town street\nYou almost ran the red \'cause you were lookin\' over at me\nWind in my hair, I was there\nI remember it all too well\n\n[Verse 3]\nPhoto album on the counter, your cheeks were turnin\' red\nYou used to be a little kid with glasses in a twin-sized bed\nAnd your mother\'s tellin\' stories \'bout you on the tee-ball team\nYou taught me \'bout your past, thinkin\' your future was me\nAnd you were tossing me the car keys, \"Fuck the patriarchy\"\nKeychain on the ground, we were always skippin\' town\nAnd I was thinkin\' on the drive down, \"Any time now\nHe\'s gonna say it\'s love,\" you never called it what it was\n\'Til we were dead and gone and buried\nCheck the pulse and come back swearin\' it\'s the same\nAfter three months in the grave\nAnd then you wondered where it went to as I reached for you\nBut all I felt was shame and you held my lifeless frame\n\n[Pre-Chorus]\nAnd I know it\'s long gone and\nThere was nothing else I could do\nAnd I forget about you long enough\nTo forget why I needed to\n\n[Chorus]\n\'Cause there we are again in the middle of the night\nWe\'re dancin\' \'round the kitchen in the refrigerator light\nDown the stairs, I was there\nI remember it all too well\nAnd there we are again when nobody had to know\nYou kept me like a secret, but I kept you like an oath\nSacred prayer and we\'d swear\nTo remember it all too well, yeah\n\n[Bridge]\nWell, maybe we got lost in translation, maybe I asked for too much\nBut maybe this thing was a masterpiece \'til you tore it all up\nRunnin\' scared, I was there\nI remember it all too well\nAnd you call me up again just to break me like a promise\nSo casually cruel in the name of bein\' honest\nI\'m a crumpled-up piece of paper lyin\' here\n\'Cause I remember it all, all, all\n[Verse 4]\nThey say all\'s well that ends well, but I\'m in a new hell\nEvery time you double-cross my mind\nYou said if we had been closer in age, maybe it would\'ve been fine\nAnd that made me want to die\nThe idea you had of me, who was she?\nA never-needy, ever-lovely jewel whose shine reflects on you\nNot weepin\' in a party bathroom\nSome actress askin\' me what happened, you\nThat\'s what happened, you\nYou who charmed my dad with self-effacing jokes\nSippin\' coffee like you\'re on a late-night show\nBut then he watched me watch the front door all night, willin\' you to come\nAnd he said, \"It\'s supposed to be fun turning twenty-one\"\n\n[Verse 5]\nTime won\'t fly, it\'s like I\'m paralyzed by it\nI\'d like to be my old self again, but I\'m still tryin\' to find it\nAfter plaid shirt days and nights when you made me your own\nNow you mail back my things and I walk home alone\nBut you keep my old scarf from that very first week\n\'Cause it reminds you of innocence and it smells like me\nYou can\'t get rid of it\n\'Cause you remember it all too well, yeah\n\n[Chorus]\n\'Cause there we are again when I loved you so\nBack before you lost the one real thing you\'ve ever known\nIt was rare, I was there\nI remember it all too well\nWind in my hair, you were there\nYou remember it all\nDown the stairs, you were there\nYou remember it all\nIt was rare, I was there\nI remember it all too well\n[Verse 6]\nAnd I was never good at tellin\' jokes, but the punch line goes\n\"I\'ll get older, but your lovers stay my age\"\nFrom when your Brooklyn broke my skin and bones\nI\'m a soldier who\'s returning half her weight\nAnd did the twin flame bruise paint you blue?\nJust between us, did the love affair maim you too?\n\'Cause in this city\'s barren cold\nI still remember the first fall of snow\nAnd how it glistened as it fell\nI remember it all too well\n\n[Outro]\nJust between us, did the love affair maim you all too well?\nJust between us, do you remember it all too well?\nJust between us, I remember it (Just between us) all too well\nWind in my hair, I was there, I was there (I was there)\nDown the stairs, I was there, I was there\nSacred prayer, I was there, I was there\nIt was rare, you remember it all too well\nWind in my hair, I was there, I was there (Oh)\nDown the stairs, I was there, I was there (I was there)\nSacred prayer, I was there, I was there\nIt was rare, you remember it (All too well)\nWind in my hair, I was there, I was there\nDown the stairs, I was there, I was there\nSacred prayer, I was there, I was there\nIt was rare, you remember it\nWind in my hair, I was there, I was there\nDown the stairs, I was there, I was there\nSacred prayer, I was there, I was there\nIt was rare, you remember it'),(93,'Welcome To New York (Taylor\'s Version)','1989 (Taylor\'s Version)','Walkin\' through a crowd, the village is aglow\nKaleidoscope of loud heartbeats under coats\nEverybody here wanted somethin\' more\nSearchin\' for a sound we hadn\'t heard before\nAnd it said\n\n[Chorus]\n\"Welcome to New York, it\'s been waitin\' for you\"\nWelcome to New York, welcome to New York\nWelcome to New York, it\'s been waitin\' for you\nWelcome to New York, welcome to New York\nIt\'s a new soundtrack, I could dance to this beat, beat forevermore\nThe lights are so bright, but they never blind me, me\nWelcome to New York, it\'s been waitin\' for you\nWelcome to New York, welcome to New York\n\n[Verse 2]\nWhen we first dropped our bags on apartment floors\nTook our broken hearts, put them in a drawer\nEverybody here was someone else before\nAnd you can want who you want\nBoys and boys and girls and girls\n\n[Chorus]\nWelcome to New York, it\'s been waitin\' for you\nWelcome to New York, welcome to New York\nWelcome to New York, it\'s been waitin\' for you\nWelcome to New York, welcome to New York\nIt\'s a new soundtrack, I could dance to this beat, beat forevermore\nThe lights are so bright, but they never blind me, me\nWelcome to New York (New York), it\'s been waitin\' for you\nWelcome to New York, welcome to New York\n\n[Bridge]\nLike any great love, it keeps you guessing\nLike any real love, it\'s ever-changing\nLike any true love, it drives you crazy\nBut you know you wouldn\'t change anything, anything, anything\n\n[Chorus]\nWelcome to New York, it\'s been waitin\' for you\nWelcome to New York, welcome to New York\nWelcome to New York, it\'s been waitin\' for you\nWelcome to New York, welcome to New York\nIt\'s a new soundtrack, I could dance to this beat\nThe lights are so bright, but they never blind me\nWelcome to New York, new soundtrack\nIt\'s been waitin\' for you, welcome to New York\nThe lights are so bright, but they never blind me\nWelcome to New York, so bright, they never blind me\nWelcome to New York, welcome to New York'),(94,'Blank Space (Taylor\'s Version)','1989 (Taylor\'s Version)','Nice to meet you, where you been?\nI could show you incredible things\nMagic, madness, heaven, sin\nSaw you there and I thought\n\"Oh, my God, look at that face\nYou look like my next mistake\nLove\'s a game, wanna play?\" Ayy\nNew money, suit and tie\nI can read you like a magazine\nAin\'t it funny? Rumors fly\nAnd I know you heard about me\nSo, hey, let\'s be friends\nI\'m dyin\' to see how this one ends\nGrab your passport and my hand\nI can make the bad guys good for a weekend\n[Chorus]\nSo it\'s gonna be forever\nOr it\'s gonna go down in flames?\nYou can tell me when it\'s over, mm\nIf the high was worth the pain\nGot a long list of ex-lovers\nThey\'ll tell you I\'m insane\n\'Cause you know I love the players\nAnd you love the game\n\'Cause we\'re young and we\'re reckless\nWe\'ll take this way too far\nIt\'ll leave you breathless, mm\nOr with a nasty scar\nGot a long list of ex-lovers\nThey\'ll tell you I\'m insane\nBut I\'ve got a blank space, baby\nAnd I\'ll write your name\n\n[Verse 2]\nCherry lips, crystal skies\nI could show you incredible things\nStolen kisses, pretty lies\nYou\'re the king, baby, I\'m your queen\nFind out what you want\nBe that girl for a month\nWait, the worst is yet to come, oh, no\nScreaming, crying, perfect storms\nI can make all the tables turn\nRose garden filled with thorns\nKeep you second guessin\', like\n\"Oh, my God, who is she?\"\nI get drunk on jealousy\nBut you\'ll come back each time you leave\n\'Cause, darling, I\'m a nightmare dressed like a daydream\n\n[Chorus]\nSo it\'s gonna be forever\nOr it\'s gonna go down in flames?\nYou can tell me when it\'s over, mm\nIf the high was worth the pain\nGot a long list of ex-lovers\nThey\'ll tell you I\'m insane\n\'Cause you know I love the players\nAnd you love the game\n\'Cause we\'re young and we\'re reckless (Oh)\nWe\'ll take this way too far\nIt\'ll leave you breathless (Oh-oh), mm\nOr with a nasty scar\nGot a long list of ex-lovers\nThey\'ll tell you I\'m insane (Insane)\nBut I\'ve got a blank space, baby\nAnd I\'ll write your name\n[Bridge]\nBoys only want love if it\'s torture\nDon\'t say I didn\'t, say I didn\'t warn ya\nBoys only want love if it\'s torture\nDon\'t say I didn\'t, say I didn\'t warn ya\n\n[Chorus]\nSo it\'s gonna be forever\nOr it\'s gonna go down in flames?\nYou can tell me when it\'s over (Over), mm\nIf the high was worth the pain\nGot a long list of ex-lovers\nThey\'ll tell you I\'m insane (I\'m insane)\n\'Cause you know I love the players\nAnd you love the game (Love the game)\n\'Cause we\'re young and we\'re reckless (Yeah)\nWe\'ll take this way too far (Ooh)\nIt\'ll leave you breathless, mm\nOr with a nasty scar (Or leave a nasty scar)\nGot a long list of ex-lovers\nThey\'ll tell you I\'m insane\nBut I\'ve got a blank space, baby\nAnd I\'ll write your name'),(95,'Style (Taylor\'s Version)','1989 (Taylor\'s Version)','Midnight\nYou come and pick me up, no headlights\nLong drive\nCould end in burnin\' flames or paradise\nFade into view, oh\nIt\'s been a while since I have even heard from you\n(Heard from you)\n\n[Pre-Chorus]\nI should just tell you to leave \'cause I\nKnow exactly where it leads, but I\nWatch us go \'round and \'round each time\n\n[Chorus]\nYou got that James Dean daydream look in your eye\nAnd I got that red lip classic thing that you like\nAnd when we go crashin\' down, we come back every time\n\'Cause we never go out of style, we never go out of style\nYou got that long hair, slicked back, white T-shirt\nAnd I got that good girl faith and a tight little skirt\nAnd when we go crashin\' down, we come back every time\n\'Cause we never go out of style, we never go out of style\n\n[Verse 2]\nSo it goes\nHe can\'t keep his wild eyes on the road, mm\nTakes me home\nLights are off, he\'s taking off his coat, oh, yeah\nI say, \"I heard, oh\nThat you\'ve been out and about with some other girl\"\nSome other girl\n\n[Pre-Chorus]\nHe says, \"What you heard is true, but I\nCan\'t stop thinkin\' \'bout you,\" and I\nI said, \"I\'ve been there too a few times\"\n\n[Chorus]\n\'Cause you got that James Dean daydream look in your eye\nAnd I got that red lip classic thing that you like\nAnd when we go crashin\' down, we come back every time\n\'Cause we never go out of style, we never go out of style\nYou got that long hair, slicked back, white T-shirt\nAnd I got that good girl faith and a tight little skirt (A tight little skirt)\nAnd when we go crashin\' down, we come back every time\n\'Cause we never go out of style (We never go, we never go), we never go out of style\n\n[Bridge]\nTake me home (Ah)\nJust take me home (Ah)\nYeah, just take me home (Ah)\nWoah, woah, oh (Out of style)\n\n[Chorus]\nOh, \'cause you got that James Dean daydream look in your eye\nAnd I got that red lip classic thing that you like\nAnd when we go crashin\' down (And when we go), we come back every time\n\'Cause we never go out of style, we never go out of style'),(96,'Out Of The Woods (Taylor\'s Version)','1989 (Taylor\'s Version)','Looking at it now\nIt all seems so simple\nWe were lying on your couch\nI remember\nYou took a Polaroid of us\nThen discovered (Then discovered)\nThe rest of the world was black and white\nBut we were in screaming color\nAnd I remember thinkin\'\n\n[Chorus]\nAre we out of the woods yet? Are we out of the woods yet?\nAre we out of the woods yet? Are we out of the woods?\nAre we in the clear yet? Are we in the clear yet?\nAre we in the clear yet, in the clear yet? Good\nAre we out of the woods yet? Are we out of the woods yet?\nAre we out of the woods yet? Are we out of the woods?\nAre we in the clear yet? Are we in the clear yet?\nAre we in the clear yet, in the clear yet? Good\n(Are we out of the woods?)\n\n[Verse 2]\nLooking at it now\nLast December (Last December)\nWe were built to fall apart\nAnd fall back together (Back together)\nOoh, your necklace hanging from my neck\nThe night we couldn\'t quite forget\nWhen we decided, we decided\nTo move the furniture so we could dance\nBaby, like we stood a chance\nTwo paper airplanes flying, flying, flying\nAnd I remember thinkin\'\n\n[Chorus]\nAre we out of the woods yet? Are we out of the woods yet?\nAre we out of the woods yet? Are we out of the woods?\nAre we in the clear yet? Are we in the clear yet?\nAre we in the clear yet, in the clear yet? Good\nAre we out of the woods yet? Are we out of the woods yet? (Oh)\nAre we out of the woods yet? Are we out of the woods?\nAre we in the clear yet? Are we in the clear yet?\nAre we in the clear yet, in the clear yet? Good\n(Are we out of the woods?)\n\n[Bridge]\nRemember when you hit the brakes too soon?\nTwenty stitches in the hospital room\nWhen you started crying, baby, I did too\nBut when the sun came up, I was lookin\' at you\nRemember when we couldn\'t take the heat?\nI walked out, I said, \"I\'m settin\' you free\"\nBut the monsters turned out to be just trees\nWhen the sun came up, you were lookin\' at me\nYou were lookin\' at me, oh, you were looking at me\n(Are we out of the woods yet? Are we out of the woods yet?)\n(Are we out of the woods yet? Are we out of the woods?)\nI remember\n(Are we in the clear yet? Are we in the clear yet?)\n(Are we in the clear yet, in the clear yet? Good)\nOh, I remember\n[Chorus]\nAre we out of the woods yet? Are we out of the woods yet? (Yeah)\nAre we out of the woods yet? Are we out of the woods?\nAre we in the clear yet? Are we in the clear yet? (Say, are we?)\nAre we in the clear yet, in the clear yet? Good\nAre we out of the woods yet? Are we out of the woods yet?\nAre we out of the woods yet? Are we out of the woods?\nAre we in the clear yet? (Yeah) Are we in the clear yet? (Yeah)\nAre we in the clear yet, in the clear yet? Good (Clear yet? Good)\nAre we out of the woods yet? Are we out of the woods yet?\nAre we out of the woods yet? Are we out of the woods?\nAre we in the clear yet? Are we in the clear yet?\nAre we in the clear yet, in the clear yet? Good (Do you remember?)\nAre we out of the woods yet? Are we out of the woods yet?\nAre we out of the woods yet? Are we out of the woods?\nAre we in the clear yet? Are we in the clear yet?\nAre we in the clear yet, in the clear yet? Good'),(97,'All You Had To Do Was Stay (Taylor\'s Version)','1989 (Taylor\'s Version)','(Hey, hey, hey)\n(Hey, hey, hey)\n(Hey, hey, hey)\n(Hey, hey, hey)\n\n[Verse 1]\nPeople like you always want back\nThe love they gave away\nAnd people like me wanna believe you\nWhen you say you\'ve changed\nThe more I think about it now\nThe less I know\nAll I know is that you drove us\nOff the road\n\n[Chorus]\n(Stay) Hey, all you had to do was stay\nHad me in the palm of your hand, then\nWhy\'d you have to go and lock me out when I let you in?\n(Stay) Hey, now you say you want it back\nNow that it\'s just too late, well, could\'ve been easy\nAll you had to do was (Stay)\n\n[Post-Chorus]\nAll you had to do was (Stay)\nAll you had to do was (Stay)\nAll you had to do was (Stay)\nAll you had to do was stay\n\n[Verse 2]\nHere you are now, callin\' me up\nBut I don\'t know what to say\nI\'ve been pickin\' up the pieces\nOf the mess you made\nPeople like you always want back\nThe love they pushed aside\nBut people like me are gone forever\nWhen you say goodbye\n\n[Chorus]\n(Stay) Hey, all you had to do was stay\nHad me in the palm of your hand, then\nWhy\'d you have to go and lock me out when I let you in?\n(Stay) Hey, now you say you want it back\nNow that it\'s just too late, well, could\'ve been easy\nAll you had to do was (Stay)\n\n[Post-Chorus]\nAll you had to do was (Stay)\nAll you had to do was (Stay)\nAll you had to do was (Stay, stay, stay, stay)\n\n[Bridge]\nLet me remind you\nThis was what you wanted (Oh, oh, oh-oh-oh)\nYou ended it\nYou were all I wanted (Oh, oh, oh-oh-oh)\nBut not like this\nNot like this, not like this\nOh, all you had to do was\n[Chorus]\n(Stay) Hey, all you had to do was stay\nHad me in the palm of your hand, then\nWhy\'d you have to go and lock me out when I let you in?\n(Stay) Hey, now you say you want it back\nNow that it\'s just too late, well, could\'ve been easy\nAll you had to do was\n(Stay; Ah) Hey, all you had to do was stay\nHad me in the palm of your hand, then\nWhy\'d you have to go and lock me out when I let you in?\n(Stay; Ah) Hey, now you say you want it back\nNow that it\'s just too late, well, it could\'ve been easy (All you had to do was stay)\nAll you had to do was (Stay)\n\n[Post-Chorus]\n(Ah) All you had to do was (Stay; Oh)\nAll you had to do was (Stay)\nAll you had to do was (Stay; Ooh)\nAll you had to do was (Stay)'),(98,'Shake It Off (Taylor\'s Version)','1989 (Taylor\'s Version)','I stay out too late\nGot nothin\' in my brain\nThat\'s what people say, mm-mm\nThat\'s what people say, mm-mm\nI go on too many dates (Haha)\nBut I can\'t make them stay\nAt least, that\'s what people say, mm-mm\nThat\'s what people say, mm-mm\n\n[Pre-Chorus]\nBut I keep cruisin\'\nCan\'t stop, won\'t stop movin\'\nIt\'s like I got this music in my mind\nSayin\', \"It\'s gonna be alright\"\n\n[Chorus]\n\'Cause the players gonna play, play, play, play, play\nAnd the haters gonna hate, hate, hate, hate, hate\nBaby, I\'m just gonna shake, shake, shake, shake, shake\nShake it off, I shake it off (Ooh)\nHeartbreakers gonna break, break, break, break, break\nAnd the fakers gonna fake, fake, fake, fake, fake\nBaby, I\'m just gonna shake, shake, shake, shake, shake\nI shake it off, I shake it off (Ooh)\n\n[Verse 2]\nI never miss a beat\nI\'m lightnin\' on my feet\nAnd that\'s what they don\'t see, mm-mm\nThat\'s what they don\'t see, mm-mm\nI\'m dancin\' on my own (Dancin\' on my own)\nI make the moves up as I go (Moves up as I go)\nAnd that\'s what they don\'t know, mm-mm\nThat\'s what they don\'t know, mm-mm\n\n[Pre-Chorus]\nBut I keep cruisin\'\nCan\'t stop, won\'t stop groovin\'\nIt\'s like I got this music in my mind\nSayin\', \"It\'s gonna be alright\"\n\n[Chorus]\n\'Cause the players gonna play, play, play, play, play\nAnd the haters gonna hate, hate, hate, hate, hate\nBaby, I\'m just gonna shake, shake, shake, shake, shake\nShake it off, I shake it off (Ooh)\nHeartbreakers gonna break, break, break, break, break\nAnd the fakers gonna fake, fake, fake, fake, fake\nBaby, I\'m just gonna shake, shake, shake, shake, shake\nI shake it off, I shake it off (Ooh)\n[Post-Chorus]\nI shake it off, I shake it off\nI, I, I shake it off, I shake it off\nI, I, I shake it off, I shake it off\nI, I, I shake it off, I shake it off (Haha)\n\n[Interlude]\nHey, hey, hey\nJust think, while you\'ve been gettin\' down and out about the liars\nAnd the dirty, dirty cheats of the world\nYou could\'ve been gettin\' down to this sick beat\n\n[Bridge]\nMy ex-man brought his new girlfriend\nShe\'s like, \"Oh, my God\" (Haha), but I\'m just gonna shake\nAnd to the fella over there with the hella good hair\nWon\'t you come on over, baby?\nWe could shake, shake, shake\nYeah, oh, woah\n\n[Chorus]\n\'Cause the players gonna play, play, play, play, play\nAnd the haters gonna hate, hate, hate, hate, hate (Haters gonna hate)\nBaby, I\'m just gonna shake, shake, shake, shake, shake\nI shake it off, I shake it off (Ooh; Hey)\nHeartbreakers gonna break, break, break, break, break (Mmm)\nAnd the fakers gonna fake, fake, fake, fake, fake (They fake and fake and fake)\nBaby, I\'m just gonna shake, shake, shake, shake, shake\nI shake it off, I shake it off (Ooh; Off)\n[Post-Chorus]\nI shake it off, I shake it off\nI, I, I shake it off, I shake it off\nI, I, I shake it off, I shake it off (Off)\nI, I, I shake it off (Yeah), I shake it off\nI shake it off, I shake it off\nI, I, I shake it off, I shake it off (You got to)\nI, I, I shake it off, I shake it off\nI, I, I shake it off, I shake it off'),(99,'I Wish You Would (Taylor\'s Version)','1989 (Taylor\'s Version)','It\'s 2 AM in your car\nWindows down, you pass my street, the memories start\nYou say, \"It\'s in the past,\" you drive straight ahead\nYou\'re thinkin\' that I hate you now\n\'Cause you still don\'t know what I never said\n\n[Chorus]\nI wish you would come back\nWish I never hung up the phone like I did, I\nWish you knew that\nI\'ll never forget you as long as I live and I\nWish you were right here, right now, it\'s all good\nI wish you would\n\n[Verse 2]\nIt\'s 2 AM in my room\nHeadlights pass the window pane, I think of you\nWe\'re a crooked love in a straight line down\nMakes you want to run and hide\nThen it makes you turn right back around\n\n[Chorus]\nI wish you would come back\nWish I never hung up the phone like I did, I\nWish you knew that\nI\'ll never forget you as long as I live and I\nWish you were right here, right now, it\'s all good\nI wish you would\nI wish we could go back\nAnd remember what we were fightin\' for and I\nWish you knew that\nI miss you too much to be mad anymore and I\nWish you were right here, right now, it\'s all good\nI wish you would\n\n[Post-Chorus]\nI, I-I-I, I, I, I wish, I wish, I\nI, I-I-I, I, I, I wish, I wish, I\nI, I-I-I, I, I, I wish, I wish, I\n\n[Bridge]\nYou always knew how to push my buttons (I, I-I-I, I, I, I wish, I wish, I)\nYou give me everything and nothin\' (I, I-I-I, I, I, I wish, I wish, I)\nThis mad, mad love makes you come runnin\' (I, I-I-I, I, I, I wish, I wish, I)\nTo stand back where you stood (I, I-I-I, I, I, I wish, I wish, I)\nI wish you would, I wish you would\n(I wish you would, I wish you would)\nI wish you would, I wish you would (I, I-I-I, I, I, I wish, I wish, I)\n(I wish you would, I wish you would)\n(I, I-I-I, I, I, I wish, I wish, I)\n\n[Verse 3]\n2 AM, here we are\nSee your face, hear my voice in the dark\nWe\'re a crooked love in a straight line down\nMakes you wanna run and hide\nBut it made us turn right back around\n\n[Chorus]\nI wish you would come back\nWish I never hung up the phone like I did, I\nWish you knew that\nI\'ll never forget you as long as I live and I\nWish you were right here, right now, it\'s all good\nI wish you would\nI wish you would come back\nWish I never hung up the phone like I did, I\nWish you knew that\nI\'ll never forget you as long as I live and I\nWish you were right here, right now, it\'s all good\nI wish you would\nI wish we could go back\nAnd remember what we were fightin\' for and I\nWish you knew that\nI miss you too much to be mad anymore and I\nWish you were right here, right now, it\'s all good\nI wish you would\n[Outro]\nYou always knew how to push my buttons (I, I-I-I, I, I, I wish, I wish, I)\nYou give me everything and nothin\' (I, I-I-I, I, I, I wish, I wish, I)\nThis mad, mad love makes you come runnin\' (I, I-I-I, I, I, I wish, I wish, I)\nTo stand back where you stood (I, I-I-I, I, I, I wish, I wish, I)\nI wish you would, I wish you would\n(I wish you would, I wish you would)\n(I, I-I-I, I, I, I wish, I wish, I)\nI wish you would, I wish you would\n(I wish you would, I wish you would, I wish you would, I wish you would)\n(I, I-I-I, I, I, I wish, I wish, I)\nI, I-I-I, I, I, I wish, I wish, I\nI, I-I-I, I, I, I wish, I wish, I\nI wish you would'),(100,'Bad Blood (Taylor\'s Version)','1989 (Taylor\'s Version)','\'Cause, baby, now we got bad blood\nYou know it used to be mad love\nSo take a look what you\'ve done\n\'Cause, baby, now we got bad blood, hey\nNow we got problems\nAnd I don\'t think we can solve them\nYou made a really deep cut\nAnd, baby, now we got bad blood, hey\n\n[Verse 1]\nDid you have to do this?\nI was thinking that you could be trusted\nDid you have to ruin\nWhat was shiny? Now it\'s all rusted\nDid you have to hit me\nWhere I\'m weak? Baby, I couldn\'t breathe\nAnd rub it in so deep\nSalt in the wound like you\'re laughin\' right at me\n\n[Pre-Chorus]\nOh, it\'s so sad to\nThink about the good times\nYou and I\n\n[Chorus]\n\'Cause, baby, now we got bad blood\nYou know it used to be mad love\nSo take a look what you\'ve done\n\'Cause, baby, now we got bad blood, hey\nNow we got problems\nAnd I don\'t think we can solve them\nYou made a really deep cut\nAnd, baby, now we got bad blood, hey\n\n[Verse 2]\nDid you think we\'d be fine?\nStill got scars on my back from your knife\nSo don\'t think it\'s in the past\nThese kinda wounds, they last and they last\nNow, did you think it all through?\nAll these things will catch up to you\nAnd time can heal, but this won\'t\nSo if you\'re comin\' my way, just don\'t\n\n[Pre-Chorus]\nOh, it\'s so sad to\nThink about the good times\nYou and I\n\n[Chorus]\n\'Cause, baby, now we got bad blood\nYou know it used to be mad love\nSo take a look what you\'ve done\n\'Cause, baby, now we got bad blood, hey\nNow we got problems\nAnd I don\'t think we can solve them\nYou made a really deep cut\nAnd, baby, now we got bad blood, hey\n\n[Bridge]\nBand-aids don\'t fix bullet holes\nYou say sorry just for show\nIf you live like that, you live with ghosts (Ghosts)\nBand-aids don\'t fix bullet holes (Hey)\nYou say sorry just for show (Hey)\nIf you live like that, you live with ghosts (Hey), mmm\nIf you love like that, blood runs cold\n[Chorus]\n\'Cause, baby, now we got bad blood\nYou know it used to be mad love (Mad love)\nSo take a look what you\'ve done\n\'Cause, baby, now we got bad blood, hey (Bad blood)\nNow we got problems\nAnd I don\'t think we can solve them (Think we can solve them)\nYou made a really deep cut\nAnd, baby, now we got bad blood, hey (\'Cause now we got bad blood)\n\'Cause, baby, now we got bad blood\nYou know it used to be mad love\nSo take a look what you\'ve done (Look what you\'ve done)\n\'Cause, baby, now we got bad blood, hey (Ooh, woah, no)\nNow we got problems\nAnd I don\'t think we can solve them\nYou made a really deep cut\nAnd, baby, now we got bad blood, hey'),(101,'Wildest Dreams (Taylor\'s Version)','NA',''),(102,'How You Get The Girl (Taylor\'s Version)','1989 (Taylor\'s Version)','Oh, oh, oh\nOh, oh, oh\nOh, oh\nOh, oh\n\n[Verse 1]\nStand there like a ghost, shakin\' from the rain, rain\nShe\'ll open up the door and say, \"Are you insane-ane?\"\nSay, \"It\'s been a long six months\"\nAnd you were too afraid to tell her what you want, want\n\n[Pre-Chorus]\nAnd that\'s how it works\nThat\'s how you get the girl\nAnd then you say\n\n[Chorus]\n\"I want you for worse or for better\nI would wait forever and ever\nBroke your heart, I\'ll put it back together\nI would wait forever and ever\"\nAnd that\'s how it works\nThat\'s how you get the girl, girl, oh\nAnd that\'s how it works\nThat\'s how you get the girl, girl\n\n[Verse 2]\nRemind her how it used to be, be, yeah, yeah\nOf pictures in frames, of kisses on cheeks, cheeks\nTell her how you must have lost your mind, ooh\nWhen you left her all alone and never told her why, why\n\n[Pre-Chorus]\nAnd that\'s how it works\nThat\'s how you lost the girl\nAnd now you say\n\n[Chorus]\n\"I want you for worse or for better\nI would wait forever and ever (Ever and ever)\nBroke your heart, I\'ll put it back together (Put it back together)\nI would wait forever and ever (Ever and ever)\"\nAnd that\'s how it works\nThat\'s how you get the girl, girl, oh\nAnd that\'s how it works\nThat\'s how you get the girl, girl, yeah, yeah\n\n[Bridge]\nAnd you know\nThat I don\'t want you to go\n\n[Break]\nRemind me how it used to be\nPictures in frames of kisses on cheeks\nAnd say you want me, yeah, yeah, \'cause\nAnd then you say\n[Chorus]\n\"I want you for worse or for better (Worse or for better)\nI would wait forever and ever (Ever and ever)\nBroke your heart, I\'ll put it back together\nI want you forever and ever (I want you forever and ever)\"\nAnd that\'s how it works\nThat\'s how you get the girl, girl (\'Cause it\'s how it works)\nAnd that\'s how it works\nThat\'s how you get the girl, girl (Get the girl, that\'s how it works)\nAnd that\'s how it works (Oh)\nThat\'s how you get the girl, girl (Oh)\nAnd that\'s how it works\nThat\'s how you get the girl, girl\n\n[Outro]\nAnd that\'s how it works\nThat\'s how you got the girl'),(103,'This Love (Taylor\'s Version)','NA',''),(104,'I Know Places (Taylor\'s Version)','1989 (Taylor\'s Version)','I-I-I-I, I-I-I-I\nI-I-I-I, I-I-I-I\nI-I-I-I, I-I-I-I, I-I (I, I)\n\n[Verse 1]\nYou stand with your hand on my waistline\nIt\'s a scene and we\'re out here in plain sight\nI can hear them whisper as we pass by\nIt\'s a bad sign, bad sign\nSomethin\' happens when everybody finds out\nSee the vultures circlin\', dark clouds\nLove\'s a fragile little flame, it could burn out\nIt could burn out\n\n[Pre-Chorus]\n\'Cause they got the cages, they got the boxes and guns\nThey are the hunters, we are the foxes and we run\n\n[Chorus]\nBaby, I know places we won\'t be found\nAnd they\'ll be chasing their tails tryin\' to track us down\n\'Cause I, I know places we can hide\nI know places, I know places\n\n[Verse 2]\nLights flash and we\'ll run for the fences\nLet them say what they want, we won\'t hear it\nLoose lips sink ships all the damn time\nNot this time\n\n[Pre-Chorus]\nJust grab my hand and don\'t ever drop it, my love\nThey are the hunters, we are the foxes and we run\n\n[Chorus]\nBaby (Baby), I know places we won\'t be found\nAnd they\'ll (They\'ll) be (Be) chasing their tails tryin\' to track us down\n\'Cause I, I know places we can hide\nI know places\n\n[Bridge]\nThey are the hunters, we are the foxes and we run\nJust grab my hand and don\'t ever drop it, my love\n\n[Chorus]\nBaby (Baby), I know places we won\'t be found\nAnd they\'ll (They\'ll) be (Be) chasing their tails tryin\' to track us down\n\'Cause I, I know places we can hide\nI know places\n\n[Post-Chorus]\n(I) They take their shots, but we\'re bulletproof (I know places)\n(Hide) And you know, for me, it\'s always you (I know places)\n(I) In the dead of night, your eyes so green (I know places)\n(Hide) And I know, for you, it\'s always me (I know places)\n[Outro]\nI-I-I-I, I-I-I-I\nI-I-I-I, I-I-I-I (I, I)'),(105,'Clean (Taylor\'s Version)','1989 (Taylor\'s Version)','The drought was the very worst, ah-ah, ah-ah\nWhen the flowers that we\'d grown together died of thirst\nIt was months and months of back and forth, ah-ah, ah-ah\nYou\'re still all over me like a wine-stained dress I can\'t wear anymore\n\n[Pre-Chorus]\nHung my head as I lost the war\nAnd the sky turned black like a perfect storm\n\n[Chorus]\nThe rain came pouring down\nWhen I was drownin\', that\'s when I could finally breathe\nAnd by mornin\', gone was any trace of you\nI think I am finally clean\n\n[Verse 2]\nThere was nothin\' left to do, ah-ah, ah-ah\nWhen the butterflies turned to dust that covered my whole room\nSo I punched a hole in the roof, ah-ah, ah-ah\nLet the flood carry away all my pictures of you\n\n[Pre-Chorus]\nThe water filled my lungs\nI screamed so loud, but no one heard a thing\n\n[Chorus]\nThe rain came pourin\' down\nWhen I was drownin\', that\'s when I could finally breathe\nAnd by mornin\', gone was any trace of you\nI think I am finally clean\n\n[Post-Chorus]\nI think I am finally clean\nAh-ah-ah-ah-ah\nSaid I think I am finally clean\nAh-ah-ah\n\n[Bridge]\nTen months sober, I must admit\nJust because you\'re clean, don\'t mean you don\'t miss it\nTen months older, I won\'t give in\nNow that I\'m clean, I\'m never gonna risk it\n\n[Break]\nThe drought was the very worst, ah-ah, ah-ah\nWhen the flowers that we\'d grown together died of thirst\n\n[Chorus]\nThe rain came pourin\' down\nWhen I was drownin\', that\'s when I could finally breathe\nAnd by mornin\', gone was any trace of you\nI think I am finally clean\nThe rain came pourin\' down\nWhen I was drownin\', that\'s when I could finally breathe\nAnd by mornin\', gone was any trace of you\nI think I am finally clean\n[Outro]\nFinally clean\nThink I\'m finally clean\nAh-ah-ah-ah\nThink I\'m finally clean'),(106,'Wonderland (Taylor\'s Version)','1989 (Taylor\'s Version)','Flashin\' lights\nAnd we took a wrong turn\nAnd we fell down a rabbit hole\nYou held on tight to me\n\'Cause nothing\'s as it seems\nAnd spinning out of control\n\n[Pre-Chorus]\nDidn\'t they tell us, \"Don\'t rush into things\"?\nDidn\'t you flash your green eyes at me?\nHaven\'t you heard what becomes of curious minds?\nOoh, didn\'t it all seem new and excitin\'?\nI felt your arms twistin\' around me\nI should have slept with one eye open at night\n\n[Chorus]\nWe found Wonderland, you and I got lost in it\nAnd we pretended it could last forever, eh\nWe found Wonderland, you and I got lost in it\nAnd life was never worse, but never better, eh, eh\n\n[Post-Chorus]\nIn Wonderland\nIn Wonderland\nIn Wonderland\nIn Wonderland\n\n[Verse 2]\nSo, we went on our way\nToo in love to think straight\nAll alone or so it seemed\nBut there were strangers watchin\'\nAnd whispers turned to talkin\'\nAnd talking turned to screams, oh\n\n[Pre-Chorus]\nDidn\'t they tell us, \"Don\'t rush into things\"?\nDidn\'t you flash your green eyes at me?\nDidn\'t you calm my fears with a Cheshire cat smile?\nOoh, didn\'t it all seem new and excitin\'?\nI felt your arms twistin\' around me\nIt\'s all fun and games \'til somebody loses their mind\nBut darlin\'\n\n[Chorus]\nWe found Wonderland, you and I got lost in it\nAnd we pretended it could last forever, eh\nWe found Wonderland, you and I got lost in it\nAnd life was never worse, but never better, eh, eh\n\n[Post-Chorus]\nIn Wonderland, eh, eh\nIn Wonderland\nIn Wonderland, woah\nIn Wonderland\n[Bridge]\nI reached for you, but you were gone\nI knew I had to go back home\nYou searched the world for somethin\' else\nTo make you feel like what we had\nAnd in the end, in Wonderland, we both went mad\nOh\n\n[Chorus]\nWe found Wonderland, you and I got lost in it\nAnd we pretended it could last forever (Could last forever)\nWe found Wonderland, you and I got lost in it (Got lost in it)\nAnd life was never worse, but never better (Never better)\nWe found Wonderland, you and I got lost in it (In Wonderland)\nAnd we pretended it could last forever (In Wonderland)\nWe found Wonderland, you and I got lost in it (In Wonderland)\nAnd life was never worse, but never better\nIn Wonderland'),(107,'You Are In Love (Taylor\'s Version)','1989 (Taylor\'s Version)','One look, dark room, meant just for you\nTime moved too fast, you play it back\nButtons on a coat, lighthearted joke\nNo proof, not much, but you saw enough\nSmall talk, he drives, coffee at midnight\nThe light reflects the chain on your neck\nHe says, \"Look up\" and your shoulders brush\nNo proof, one touch, but you felt enough\n\n[Chorus]\nYou can hear it in the silence (Silence), silence (Silence), you\nYou can feel it on the way home (Way home), way home (Way home), you\nYou can see it with the lights out (See it with the lights out), lights out (Lights out)\nYou are in love, true love, you are in love\n\n[Verse 2]\nMorning, his place, burnt toast, Sunday\nYou keep his shirt, he keeps his word\nAnd for once, you let go of your fears and your ghosts\nOne step, not much, but it said enough\nYou kiss on sidewalks, you fight, then you talk\nOne night, he wakes, strange look on his face\nPauses, then says, \"You\'re my best friend\"\nAnd you knew what it was, he is in love\n\n[Chorus]\nYou can hear it in the silence (Silence), silence (Silence), you\nYou can feel it on the way home (Way home), way home (Way home), you\nYou can see it with the lights out (See it with the lights out), lights out (Lights out)\nYou are in love, true love, you are in love\n\n[Bridge]\nAnd so it goes\nYou two are dancing in a snow globe \'round and \'round\nAnd he keeps a picture of you in his office downtown\nAnd you understand now\nWhy they lost their minds and fought the wars\nAnd why I\'ve spent my whole life trying to put it into words\n\n[Interlude]\n\'Cause you can hear it in the silence\nYou can feel it on the way home\nYou can see it with the lights out\nYou are in love, true love, you are in love\n\n[Chorus]\nYou can hear it in the silence (Silence), silence (Silence), you\nYou can feel it on the way home (Way home), way home (Way home), you\nYou can see it with the lights out (See it with the lights out), lights out (Lights out)\nYou are in love, true love, you are in love (Ah)\nYou can hear it in the silence (Silence), silence (Silence), you (Ah)\nYou can feel it on the way home (Way home), way home (Way home), you (Ah)\nYou can see it with the lights out (See it with the lights out), lights out (Lights out)\nYou are in love, true love, you are in love'),(108,'New Romantics (Taylor\'s Version)','1989 (Taylor\'s Version)','We\'re all bored, we\'re all so tired of everything\nWe wait for trains that just aren\'t comin\'\nWe show off our different scarlet letters\nTrust me, mine is better\nWe\'re so young, but we\'re on the road to ruin\nWe play dumb, but we know exactly what we\'re doin\'\nWe cry tears of mascara in the bathroom\nHoney, life is just a classroom\nAh-ah-ah-ah-ah-ah\n\n[Chorus]\n\'Cause, baby, I could build a castle\nOut of all the bricks they threw at me\nAnd every day is like a battle\nBut every night with us is like a dream\nBaby, we\'re the new romantics, come on, come along with me\nHeartbreak is the national anthem, we sing it proudly\nWe are too busy dancin\' to get knocked off our feet\nBaby, we\'re the new romantics\nThe best people in life are free\n\n[Verse 2]\nWe\'re all here, the lights and noise are blinding\nWe hang back, it\'s all in the timing\nIt\'s poker, he can\'t see it in my face\nBut I\'m about to play my Ace, ah\nWe need love, but all we want is danger\nWe team up, then switch sides like a record changer\nThe rumors are terrible and cruel\nBut, honey, most of them are true\nAh-ah-ah-ah-ah-ah\n\n[Chorus]\n\'Cause, baby, I could build a castle\nOut of all the bricks they threw at me\nAnd every day is like a battle\nBut every night with us is like a dream\nBaby, we\'re the new romantics, come on, come along with me\nHeartbreak is the national anthem, we sing it proudly\nWe are too busy dancin\' (Yeah) to get knocked off our feet (Hey)\nBaby, we\'re the new romantics\nThe best people in life are free\n\n[Post-Chorus]\n(Oh, oh, oh-oh, oh) Oh\n(Oh, oh, oh-oh, oh) So, come on, come along with me\n(Oh, oh, oh-oh, oh) The best people in life are free\n(Oh, oh, oh-oh, oh)\n\n[Bridge]\nPlease, take my hand and\nPlease, take me dancin\' and\nPlease, leave me stranded\nIt\'s so romantic (It\'s so romantic)\nAh-ah-ah-ah-ah-ah\n\n[Chorus]\n\'Cause, baby, I could build a castle (Oh, baby, I could build a castle)\nOut of all the bricks they threw at me (At me)\nAnd every day is like a battle (Oh)\nBut every night with us is like a dream (Is like a dream)\n\'Cause baby, I could build a castle (Castle)\nOut of all the bricks they threw at me\nAnd every day is like a battle (And every day is like a battle, oh)\nBut every night with us is like a dream\nBaby, we\'re the new romantics, come on, come along with me\nHeartbreak is the national anthem, we sing it proudly\nWe are too busy dancin\' (Hey) to get knocked off our feet\nBaby, we\'re the new romantics\nThe best people in life are free'),(109,'\"Slut!\" (Taylor\'s Version) [From The Vault]','1989 (Taylor\'s Version)','Flamingo pink, Sunrise Boulevard\nClink, clink, being this young is art\nAquamarine, moonlit swimmin\' pool\nWhat if all I need is you?\n\n[Pre-Chorus]\nGot love-struck, went straight to my head\nGot lovesick all over my bed\nLove to think you\'ll never forget\nHandprints in wet cement\nAdorned with smoke on my clothes\nLovelorn and nobody knows\nLove thorns all over this rose\nI\'ll pay the price, you won\'t\n\n[Chorus]\nBut if I\'m all dressed up\nThey might as well be lookin\' at us\nAnd if they call me a slut\nYou know it might be worth it for once\nAnd if I\'m gonna be drunk\nI might as well be drunk in love\n[Verse 2]\nSend the code, he\'s waitin\' there\nThe sticks and stones they throw froze mid-air\nEveryone wants him, that was my crime\nThe wrong place at the right time\nAnd I break down, then he\'s pullin\' me in\nIn a world of boys, he\'s a gentleman\n\n[Pre-Chorus]\nGot love-struck, went straight to my head (Straight to my head)\nGot lovesick all over my bed (Over my bed)\nLove to think you\'ll never forget\nWe\'ll pay the price, I guess\n\n[Chorus]\nBut if I\'m all dressed up (If I\'m all dressed up)\nThey might as well be lookin\' at us (Lookin\' at us)\nAnd if they call me a slut (If they call me a slut)\nYou know it might be worth it for once (Worth it for once)\nAnd if I\'m gonna be drunk\nI might as well be drunk in love\n\n[Bridge]\nHalf asleep\nTakin\' your time in the tangerine\nNeon light, this is luxury\nYou\'re not sayin\' you\'re in love with me\nBut you\'re goin\' to\nHalf awake\nTakin\' your chance, it\'s a big mistake\nI said, \"It might blow up in your pretty face\"\nI\'m not sayin\', \"Do it anyway\" (Do it anyway)\nBut you\'re going to\n[Outro]\n(Up)\nAnd if they call me a (Slut)\nYou know it might be worth it for once\nAnd if I\'m gonna be (Drunk)\nI might as well be drunk in love'),(110,'Say Don\'t Go (Taylor\'s Version) [From The Vault]','1989 (Taylor\'s Version)','I\'ve known it from the very start\nWe\'re a shot in the darkest dark\nOh no, oh no, I\'m unarmed\nThe waiting is a sadness\nFading into madness\nOh no, oh no, it won\'t stop\n\n[Refrain]\nI\'m standin\' on a tightrope alone\nI hold my breath a little bit longer\nHalfway out the door, but it won\'t close\nI\'m holdin\' out hope for you to\n\n[Pre-Chorus]\nSay, \"Don\'t go\"\nI would stay forever if you say, \"Don\'t go\"\n\n[Chorus]\nWhy\'d you have to lead me on?\nWhy\'d you have to twist the knife?\nWalk away and leave me bleedin\', bleedin\'?\nWhy\'d you whisper in the dark\nJust to leave me in the night?\nNow your silence has me screamin\', screamin\'\n\n[Post-Chorus]\n(Say) Say, \"(Don\'t) don\'t (Go) go\"\nI would stay forever if you (Say) say, \"(Don\'t) don\'t (Go) go\"\n(Say, say, say, say)\n\n[Verse 2]\nNow I\'m pacin\' on shaky ground\nStrike a match, then you blow it out\nOh no, oh no, it\'s not fair\n\'Cause you kiss me and it stops time\nAnd I\'m yours, but you\'re not mine\nOh no, oh no, you\'re not there\n\n[Refrain]\nI\'m standin\' on the sidewalk alone\nI wait for you to drive by\nI\'m tryna see the cards that you won\'t show\nI\'m about to fold unless you\n\n[Pre-Chorus]\n(Say) Say, \"(Don\'t) don\'t (Go) go\"\nI would stay forever if you (Say) say, \"(Don\'t) don\'t (Go) go\"\n\n[Chorus]\nWhy\'d you have to lead me on?\nWhy\'d you have to twist the knife?\nWalk away and leave me bleedin\', bleedin\'?\nWhy\'d you whisper in the dark\nJust to leave me in the night?\nNow your silence has me screamin\', screamin\'\n[Post-Chorus]\n(Say) Say, \"(Don\'t) don\'t (Go) go\"\nI would stay forever if you (Say) say, \"(Don\'t) don\'t (Go) go\"\n(Say, say, say, say)\n\n[Bridge]\nWhy\'d you have to (Why\'d you have to)\nMake me want you? (Make me want you)\nWhy\'d you have to (Why\'d you have to)\nGive me nothin\' back?\nWhy\'d you have to (Why\'d you have to)\nMake me love you? (Make me love you)\nI said, \"I love you\" (I said, \"I love you\")\nYou say nothin\' back\n\n[Chorus]\nWhy\'d you have to lead me on? (Oh)\nWhy\'d you have to twist the knife?\nWalk away and leave me bleedin\', bleedin\'?\nWhy\'d you whisper in the dark\nJust to leave me in the night?\nNow your silence has me screamin\', screamin\'\n\n[Post-Chorus]\n(Say) Say, \"(Don\'t) don\'t (Go) go\"\nI would stay forever if you (Say) say, \"(Don\'t) don\'t (Go) go,\" woah\n(Say, say, say, say)\n[Outro]\nBut you won\'t, but you won\'t, but you won\'t\nI would stay forever if you say, \"Don\'t go\"\nBut you won\'t, but you won\'t, but you won\'t'),(111,'Now That We Don\'t Talk (Taylor\'s Version) [From The Vault]','1989 (Taylor\'s Version)','You went to a party\nI heard from everybody\nYou part the crowd like the Red Sea\nDon\'t even get me started\nDid you get anxious though\nOn the way home?\nI guess I\'ll never, ever know\nNow that we don\'t talk\n\n[Verse 2]\nYou grew your hair long\nYou got new icons\nAnd from the outside\nIt looks like you\'re tryin\' lives on\nI miss the old ways\nYou didn\'t have to change\nBut I guess I don\'t have a say\nNow that we don\'t talk\n\n[Chorus]\nI call my mom, she said that it was for the best\nRemind myself, the more I gave, you\'d want me less\nI cannot be your friend, so I pay the price of what I lost\nAnd what it cost, now that we don\'t talk\n\n[Bridge]\nWhat do you tell your friends we\nShared dinners, long weekends with?\nTruth is, I can\'t pretend it\'s\nPlatonic, it\'s just ended, so\n\n[Chorus]\nI call my mom, she said to get it off my chest (Off my chest)\nRemind myself the way you faded \'til I left (Until I left)\nI cannot be your friend, so I pay the price of what I lost (Of what I lost)\nAnd what it cost, now that we don\'t talk\n\n[Outro]\nI don\'t have to pretend I like acid rock\nOr that I\'d like to be on a mega yacht\nWith important men who think important thoughts\nGuess maybe I am better off now that we don\'t talk\nAnd the only way back to my dignity\nWas to turn into a shrouded mystery\nJust like I had been when you were chasing me\nGuess this is how it has to be now that we don\'t talk'),(112,'Suburban Legends (Taylor\'s Version) [From The Vault]','1989 (Taylor\'s Version)','You had people who called you on unmarked numbers\nIn my peripheral vision\nI let it slide like a hose on a slippery plastic summer\nAll was quickly forgiven\nYou were so magnetic, it was almost obnoxious\nFlush with the currency of cool\nI was always turnin\' out my empty pockets\nAnd when it came to you\n\n[Chorus]\nI didn\'t come here to make friends\nWe were born to be suburban legends\nWhen you hold me, it holds me together\nAnd you kiss me in a way that\'s gonna screw me up forever\n\n[Verse 2]\nI had the fantasy that maybe our mismatched star signs\nWould surprise the whole school\nWhen I ended up back at our class reunion\nWalkin\' in with you\nYou\'d be more than a chapter in my old diaries\nWith the pages ripped out\nI am standin\' in a 1950s gymnasium\nAnd I can still see you now\n\n[Chorus]\nI didn\'t come here to make friends\nWe were born to be suburban legends\nWhen you hold me, it holds me together\nAnd you kiss me in a way that\'s gonna screw me up forever\nI know that you still remember\nWe were born to be national treasures\nWhen you told me we\'d get back together\nAnd you kissed me in a way that\'s gonna screw me up forever\n\n[Outro]\nTick-tock on the clock, I pace down your block\nI broke my own heart \'cause you were too polite to do it\nWaves crash on the shore, I dash to the door\nYou don\'t knock anymore and my whole life\'s ruined\nTick-tock on the clock, I pace down your block\nI broke my own heart \'cause you were too polite to do it\nWaves crash to the shore, I dash to the door\nYou don\'t knock anymore and I always knew it\nThat my life would be ruined'),(113,'Is It Over Now? (Taylor\'s Version) [From The Vault]','1989 (Taylor\'s Version)','(Is it? Is it? Is it? Is it? Is it?)\n\n[Verse 1]\nOnce the flight had flown (Uh-huh)\nWith the wilt of the rose (Uh-huh)\nI slept all alone (Uh-huh)\nYou still wouldn\'t go\n\n[Pre-Chorus]\nLet\'s fast forward to three hundred takeout coffees later\nI see your profile and your smile on unsuspecting waiters\nYou dream of my mouth before it called you a lying traitor\nYou search in every maiden\'s bed for somethin\' greater, baby\n\n[Chorus]\nWas it over when she laid down on your couch?\nWas it over when he unbuttoned my blouse?\n\"Come here,\" I whispered in your ear\nIn your dream as you passed out, baby\nWas it over then? And is it over now?\n\n[Post-Chorus]\n(Is it? Is it? Is it?)\n\n[Verse 2]\nWhen you lost control (Uh-huh)\nRed blood, white snow (Uh-huh)\nBlue dress on a boat (Uh-huh)\nYour new girl is my clone\n\n[Bridge]\nAnd did you think I didn\'t see you?\nThere were flashin\' lights\nAt least I had the decency\nTo keep my nights out of sight\nOnly rumors \'bout my hips and thighs\nAnd my whispered sighs\nOh, Lord, I think about jumpin\'\nOff of very tall somethings\nJust to see you come runnin\'\nAnd say the one thing I\'ve been wanting, but no\n\n[Pre-Chorus]\nLet\'s fast forward to three hundred awkward blind dates later (Oh)\nIf she\'s got blue eyes, I will surmise that you\'ll probably date her (Oh, no)\nYou dream of my mouth before it called you a lying traitor (Oh)\nYou search in every model\'s bed for somethin\' greater, baby\n\n[Chorus]\nWas it over when she laid down on your couch?\nWas it over when he unbuttoned my blouse?\n\"Come here,\" I whispered in your ear\nIn your dream as you passed out, baby\nWas it over then? And is it over now?\n[Post-Chorus]\nUh-huh\n(Is it? Is it? Is it?)\nUh-huh\n(Is it? Is it?)\n[Bridge]\nThink I didn\'t see you?\nThere were flashin\' lights\nAt least I had the decency\nTo keep my nights out of sight\nOnly rumors \'bout my hips and thighs\nAnd my whispered sighs\nOh, Lord, I think about jumpin\'\nOff of very tall somethings\nJust to see you come runnin\' (Runnin\')\nAnd say the one thing I\'ve been wanting, but no\n\n[Outro]\n(Flashin\' lights; Oh, Lord; Oh)\nLet\'s fast forward to three hundred takeout coffees later (Oh)\n(Flashin\' lights) I was hoping you\'d be there\nAnd say the one thing (Oh, Lord)\nI\'ve been wanting (Oh, Lord)\nBut no\n(Was it? Was it? Was it? Was it? Was it? Was it?)'),(114,'Sweeter Than Fiction (Taylor\'s Version)','1989 (Taylor\'s Version)','Hit the ground, hit the ground, hit the ground, oh, oh\nOnly sound, only sound that you hear is, \"No\"\nYou never saw it comin\', slipped when you started runnin\'\nAnd now you\'ve come undone and I, I, I, I\n\n[Pre-Chorus]\nSeen you fall, seen you crawl on your knees, eh, ayy\nSeen you lost in a crowd, seen your colors fade\nWish I could make it better, someday, you won\'t remember\nThis pain you thought would last forever and ever and\n\n[Chorus]\nThere you\'ll stand, ten feet tall\nI will say, \"I knew it all along\"\nYour eyes, wider than distance\nThis life is sweeter than fiction\n\n[Verse 2]\nJust a shot, just a shot in the dark, oh, oh\nAll you got, all you got are your shattered hopes\nThey never saw it comin\', you hit the ground runnin\'\nAnd now you\'re on to somethin\', I, I, I say\n\n[Pre-Chorus]\n\"What a sight, what a sight\" when the light came on\nProved me right, proved me right when you proved them wrong\nAnd, in this perfect weather, it\'s like we don\'t remember\nThe rain we thought would last forever and ever\n\n[Chorus]\nThere you\'ll stand, ten feet tall\nI will say, \"I knew it all along\"\nYour eyes, wider than distance\nThis life is sweeter than fiction (Woah)\nThere you\'ll stand, next to me (Next to me)\nAll at once, the rest is history\nYour eyes, wider than distance\nThis life is sweeter than fiction (Woah; Sweeter than fiction)\n\n[Bridge]\nI\'ll be one of the many sayin\'\n\"Look at you now, look at you now and now\"\nI\'ll be one of the many saying\n\"You\'ve made us proud, you\'ve made us proud, proud\"\nI\'ll be one of the many sayin\'\n\"Look at you now, look at you now and now\"\nI\'ll be one of the many sayin\'\n\"You\'ve made us proud, you\'ve made us proud, proud\"\nAnd when they call your name\nAnd they put your picture in a frame\nYou know that I\'ll be there time and again\n\'Cause I loved you when, when you\n\n[Pre-Chorus]\nHit the ground, hit the ground, hit the ground, oh, oh\nOnly sound, only sound that you heard was, \"No\"\nNow, in this perfect weather, it\'s like we don\'t remember\nThe rain we thought would last forever and ever (Forever)\n[Chorus]\nThere you\'ll stand, ten feet tall (Ten feet tall)\nI will say, \"I knew it all along\" (Along)\nYour eyes, wider than distance (I knew it all along)\nThis life is sweeter than fiction (Sweeter than fiction)\nThere you\'ll stand, next to me (Next to me)\nAll at once, the rest is history (Ooh)\nYour eyes, wider than distance (I knew it all along)\nThis life is sweeter than fiction (It\'s sweeter than fiction)\n\n[Outro]\nIt\'s sweeter than fiction\nIt\'s sweeter, yeah\nIt\'s sweeter, it\'s sweeter\nIt\'s sweeter than fiction'),(115,'...Ready for It?','reputation',''),(116,'End Game','reputation',''),(117,'I Did Something Bad','reputation',''),(118,'Don\'t Blame Me','reputation',''),(119,'Delicate','reputation',''),(120,'Look What You Made Me Do','reputation',''),(121,'So It Goes...','reputation',''),(122,'Gorgeous','reputation',''),(123,'Getaway Car','reputation',''),(124,'King of My Heart','reputation',''),(125,'Dancing With Our Hands Tied','reputation',''),(126,'Dress','reputation',''),(127,'This Is Why We Can\'t Have Nice Things','reputation',''),(128,'Call It What You Want','reputation',''),(129,'New Year\'s Day','reputation',''),(130,'I Forgot That You Existed','Lover',''),(131,'Cruel Summer','Lover',''),(132,'Lover','Lover',''),(133,'The Man','Lover',''),(134,'The Archer','Lover',''),(135,'I Think He Knows','Lover',''),(136,'Miss Americana & The Heartbreak Prince','Lover',''),(137,'Paper Rings','Lover',''),(138,'Cornelia Street','Lover',''),(139,'Death By A Thousand Cuts','Lover',''),(140,'London Boy','Lover',''),(141,'Soon You\'ll Get Better','Lover',''),(142,'False God','Lover',''),(143,'You Need To Calm Down','Lover',''),(144,'Afterglow','Lover',''),(145,'ME!','Lover',''),(146,'It\'s Nice To Have A Friend','Lover',''),(147,'Daylight','Lover',''),(148,'All Of The Girls You Loved Before','Lover','When you think of all the late nights\nLame fights over the phone\nWake up in the mornin\' with someone\nBut feelin\' alone\n\n[Refrain]\nA heart is drawn around your name\nIn someone\'s handwriting, not mine\nSneakin\' out into town\nHoldin\' hands, just killin\' time\n\n[Pre-Chorus]\nYour past and mine are parallel lines\nStars all aligned and they intertwined\nAnd taught you\nThe way you call me \"baby\"\nTreat me like a lady\nAll that I can say is\n\n[Chorus]\nAll of the girls you loved before (Ooh)\nMade you the one I\'ve fallen for\nEvery dead-end street led you straight to me\nNow you\'re all I need, I\'m so thankful for\nAll of the girls you loved before\nBut I love you more\n\n[Verse 2]\nWhen I think of all the makeup\nFake love out on the town (Ooh)\nCryin\' in the bathroom for some dude\nWhose name I cannot remember now\n\n[Refrain]\nSecret jokes all alone\nNo one\'s home, sixteen and wild (Ooh)\nBreakin\' up, makin\' up\nLeave without sayin\' goodbye (Ooh)\n\n[Pre-Chorus]\nAnd just know that\nIt\'s everything that made me\nNow I call you \"baby\"\nIt\'s why you\'re so amazing\n\n[Chorus]\nAll of the girls you loved before (Ooh)\nMade you the one I\'ve fallen for\nEvery dead-end street led you straight to me\nNow you\'re all I need, I\'m so thankful for\nAll of the girls you loved before\nBut I love you more\n[Bridge]\nYour mother brought you up loyal and kind\nTeenage love taught you there\'s good in goodbye\nEvery woman that you knew brought you here\nI wanna teach you how forever feels\n\n[Chorus]\nLike the girls you loved before (Ooh)\nMade you the one I\'ve fallen for\nEvery dead-end street (Dead-end street) led you straight to me (Straight to me)\nNow you\'re all I need (All I need), I\'m so thankful for\nAll of the girls you loved before\nBut I love you more\n\n[Outro]\n(I love you more)\n(I love you more)'),(149,'the 1','folklore',''),(150,'cardigan','folklore',''),(151,'the last great american dynasty','folklore',''),(152,'exile','folklore',''),(153,'my tears ricochet','folklore',''),(154,'mirrorball','folklore',''),(155,'seven','folklore',''),(156,'august','folklore',''),(157,'this is me trying','folklore',''),(158,'illicit affairs','folklore',''),(159,'invisible string','folklore',''),(160,'mad woman','folklore',''),(161,'epiphany','folklore',''),(162,'betty','folklore',''),(163,'peace','folklore',''),(164,'hoax','folklore',''),(165,'the lakes','folklore',''),(166,'willow','evermore',''),(167,'champagne problems','evermore',''),(168,'gold rush','evermore',''),(169,'\'tis the damn season','evermore',''),(170,'tolerate it','evermore',''),(171,'no body, no crime','evermore',''),(172,'happiness','evermore',''),(173,'dorothea','evermore',''),(174,'coney island','evermore',''),(175,'ivy','evermore',''),(176,'cowboy like me','evermore',''),(177,'long story short','evermore',''),(178,'marjorie','evermore',''),(179,'closure','evermore',''),(180,'evermore','evermore',''),(181,'right where you left me','evermore',''),(182,'it\'s time to go','evermore',''),(183,'Lavender Haze','Midnights',''),(184,'Maroon','Midnights',''),(185,'Anti-Hero','Midnights',''),(186,'Snow On The Beach','Midnights',''),(187,'You\'re On Your Own, Kid','Midnights',''),(188,'Midnight Rain','Midnights',''),(189,'Question...?','Midnights',''),(190,'Vigilante Shit','Midnights',''),(191,'Bejeweled','Midnights',''),(192,'Labyrinth','Midnights',''),(193,'Karma','Midnights',''),(194,'Sweet Nothing','Midnights',''),(195,'Mastermind','Midnights',''),(196,'Hits Different','Midnights',''),(197,'The Great War','Midnights',''),(198,'Bigger Than The Whole Sky','Midnights',''),(199,'High Infidelity','Midnights',''),(200,'Would\'ve, Could\'ve, Should\'ve','Midnights',''),(201,'Dear Reader','Midnights',''),(202,'You\'re Losing Me (From The Vault)','Midnights','You say, \"I don\'t understand,\" and I say, \"I know you don\'t\"\nWe thought a cure would come through in time, now, I fear it won\'t\nRemember lookin\' at this room? We loved it \'cause of the light\nNow, I just sit in the dark and wonder if it\'s time\n\n[Pre-Chorus]\nDo I throw out everything we built or keep it?\nI\'m getting tired even for a phoenix\nAlways risin\' from the ashes\nMendin\' all her gashes\nYou might just have dealt the final blow\n\n[Chorus]\nStop, you\'re losin\' me\nStop, you\'re losin\' me\nStop, you\'re losin\' me\nI can\'t find a pulse\nMy heart won\'t start anymore for you\n\'Cause you\'re losin\' me\n\n[Verse 2]\nEvery mornin\', I glared at you with storms in my eyes\nHow can you say that you love someone you can\'t tell is dyin\'?\nI sent you signals and bit my nails down to the quick\nMy face was gray, but you wouldn\'t admit that we were sick\n\n[Pre-Chorus]\nAnd the air is thick with loss and indecision\nI know my pain is such an imposition\nNow, you\'re runnin\' down the hallway\nAnd you know what they all say\n\"You don\'t know what you got until it\'s gone\"\n\n[Chorus]\nStop, you\'re losin\' me\nStop, you\'re losin\' me\nStop, you\'re losin\' me\nI can\'t find a pulse\nMy heart won\'t start anymore for you\n\'Cause you\'re losin\' me\n\'Cause you\'re losin\' me\nStop (Stop) \'cause you\'re losin\' me\n\n[Post-Chorus]\nMy heart won\'t start anymore\n(Stop \'cause you\'re losin\' me)\nMy heart won\'t start anymore\n(Stop \'cause you\'re losin\' me)\n\n[Bridge]\nHow long could we be a sad song\n\'Til we were too far gone to bring back to life?\nI gave you all my best me\'s, my endless empathy\nAnd all I did was bleed as I tried to be the bravest soldier\nFighting in only your army, frontlines, don\'t you ignore me\nI\'m the best thing at this party (You\'re losin\' me)\nAnd I wouldn\'t marry me either\nA pathological people pleaser\nWho only wanted you to see her\nAnd I\'m fadin\', thinkin\'\n\"Do something, babe, say something\" (Say something)\n\"Lose something, babe, risk something\" (You\'re losin\' me)\n\"Choose something, babe, I got nothing\" (I got nothing)\n\"To believe, unless you\'re choosin\' me\"\n[Outro]\nYou\'re losin\' me\nStop (Stop, stop), you\'re losin\' me\nStop (Stop, stop), you\'re losin\' me\nI can\'t find a pulse\nMy heart won\'t start anymore'),(203,'Karma (Remix)','Midnights','Karma is that girl, like (Grrah)\n\n[Verse 1: Taylor Swift]\nYou\'re talking shit for the hell of it\nAddicted to betrayal, but you\'re relevant\nYou\'re terrified to look down\n\'Cause if you dare, you\'ll see the glare\nOf everyone you burned just to get there\nIt\'s comin\' back around\n\n[Pre-Chorus: Taylor Swift]\nAnd I keep my side of the street clean\nYou wouldn\'t know what I mean\n\n[Chorus: Taylor Swift]\n\'Cause karma is my boyfriend\nKarma is a god\nKarma is the breeze in my hair on the weekend\nKarma\'s a relaxing thought\nAren\'t you envious that for you it\'s not?\nSweet like honey, karma is a cat\nPurring in my lap \'cause it loves me\nFlexing like a goddamn acrobat\nMe and karma vibe like that\n\n[Verse 2: Ice Spice, Ice Spice & Taylor Swift]\nKarma is your check\'s \'boutta bounce (Damn)\nKarma is a fire in your house (Grrah)\nAnd she \'boutta pop up unannounced (Like)\nAnd she never leavin\' you alone (Damn)\nWatch her put ya opps on a throne (Damn)\nGot you wavin\' pretty white flags, feenin\' for that cash\nThinkin\' it\'ll save ya, now you switchin\' up your behavior\nIt\'s okay, baby, you ain\'t gotta worry, karma never gets lazy\nSo, I keep my head up, my bread up, I won\'t let up (Never)\nPromise that you\'ll never endeavor with none lesser (Ever, ever)\nI be draggin\' that wagon, karma is a beauty winning that pageant, grrah\n\n[Chorus: Taylor Swift, Ice Spice, Taylor Swift & Ice Spice]\n\'Cause karma is my boyfriend (Damn)\nKarma is a god\nKarma is the breeze in my hair on the weekend\nKarma\'s a relaxing thought\nAren\'t you envious that for you it\'s not?\nSweet like honey, karma is a cat\nPurring in my lap \'cause it loves me\nFlexing like a goddamn acrobat\nMe and karma vibe like that (Grrah)\n\n[Bridge: Taylor Swift]\nAsk me what I learned from all those years\nAsk me what I earned from all those tears\nAsk me why so many fade, but I\'m still here\n(I\'m still here, I\'m still here)\n[Breakdown: Taylor Swift, Ice Spice, Taylor Swift & Ice Spice]\n\'Cause karma is the thunder\nRattlin\' your ground\nKarma\'s on your scent like a bounty hunter\nAnd karma\'s gonna track you down\nStep by step, from town to town\nSweet like justice, karma is a queen\nKarma takes all my friends to the summit (Facts)\nKarma is the guy on the screen\nComing straight home to me\n\n[Chorus: Taylor Swift, Ice Spice, Taylor Swift & Ice Spice]\n\'Cause karma is my boyfriend (Karma is my boyfriend)\nKarma is a god (Damn)\nKarma is the breeze in my hair on the weekend (Weekend)\nKarma\'s a relaxing thought\nAren\'t you envious that for you it\'s not?\nSweet like honey, karma is a cat\nPurring in my lap \'cause it loves me\nFlexing like a goddamn acrobat\nMe and karma vibe like that\n\n[Outro: Taylor Swift, Ice Spice]\nKarma is my boyfriend\nKarma is a god (Ah)\nKarma is my bestie (Mmm)\nKarma\'s a relaxing thought\nKarma\'s gonna hold you down'),(204,'Fortnight','The Tortured Poets Department','I was supposed to be sent away\nBut they forgot to come and get me\nI was a functioning alcoholic\n\'Til nobody noticed my new aesthetic\nAll of this to say I hope you\'re okay\nBut you\'re the reason\nAnd no one here\'s to blame\nBut what about your quiet treason?\n\n[Chorus: Taylor Swift]\nAnd for a fortnight there, we were forever\nRun into you sometimes, ask about the weather\nNow you\'re in my backyard, turned into good neighbors\nYour wife waters flowers, I wanna kill her\n\n[Verse 2: Taylor Swift, Taylor Swift & Post Malone, Post Malone]\nAll my mornings are Mondays stuck in an endless February\nI took the miracle move-on drug, the effects were temporary\nAnd I love you, it\'s ruining my life\nI love you, it\'s ruining my life\nI touched you for only a fortnight\nI touched you, but I touched you\n\n[Chorus: Taylor Swift, Taylor Swift & Post Malone]\nAnd for a fortnight there, we were forever\nRun into you sometimes, ask about the weather\nNow you\'re in my backyard, turned into good neighbors\nYour wife waters flowers, I wanna kill her\nAnd for a fortnight there, we were together\nRun into you sometimes, comment on my sweater\nNow you\'re at the mailbox, turned into good neighbors\nMy husband is cheating, I wanna kill him\n\n[Bridge: Taylor Swift, Post Malone, Taylor Swift & Post Malone]\nI love you, it\'s ruining my life\nI love you, it\'s ruining my life\nI touched you for only a fortnight\nI touched you, I touched you\nI love you, it\'s ruining my life\nI love you, it\'s ruining my life\nI touched you for only a fortnight\nI touched you, I touched you\n\n[Outro: Post Malone, Post Malone & Taylor Swift, Taylor Swift]\nThought of callin\' ya, but you won\'t pick up\n\'Nother fortnight lost in America\nMove to Florida, buy the car you want\nBut it won\'t start up \'til you touch, touch, touch me\nThought of calling ya, but you won\'t pick up\n\'Nother fortnight lost in America\nMove to Florida, buy the car you want\nBut it won\'t start up \'til I touch, touch, touch you'),(205,'The Tortured Poets Department','The Tortured Poets Department','You left your typewriter at my apartment\nStraight from the tortured poets department\nI think some things I never say\nLike, \"Who uses typewriters anyway?\"\nBut you\'re in self-sabotage mode\nThrowing spikes down on the road\nBut I\'ve seen this episode and still loved the show\nWho else decodes you?\n\n[Chorus]\nAnd who\'s gonna hold you like me?\nAnd who\'s gonna know you, if not me?\nI laughed in your face and said\n\"You\'re not Dylan Thomas, I\'m not Patti Smith\nThis ain\'t the Chelsea Hotel, we\'re modern idiots\"\nAnd who\'s gonna hold you like me?\n\n[Post-Chorus]\nNobody\nNo-fucking-body\nNobody\n\n[Verse 2]\nYou smoked, then ate seven bars of chocolate\nWe declared Charlie Puth should be a bigger artist\nI scratch your head, you fall asleep\nLike a tattooed golden retriever\nBut you awaken with dread\nPounding nails in your head\nBut I\'ve read this one where you come undone\nI chose this cyclone with you\n\n[Chorus]\nAnd who\'s gonna hold you like me?\n(Who\'s gonna hold you? Who\'s gonna hold you?)\nAnd who\'s gonna know you like me?\n(Who\'s gonna know you?)\nI laughed in your face and said\n\"You\'re not Dylan Thomas, I\'m not Patti Smith\nThis ain\'t the Chelsea Hotel, we\'re modern idiots\"\nAnd who\'s gonna hold you like me?\n(Who\'s gonna hold you? Who\'s gonna hold you?)\n\n[Post-Chorus]\nNo-fucking-body\n(Who\'s gonna hold you? Who\'s gonna hold you?)\nNobody\n(Who\'s gonna hold you? Gonna know you? Gonna troll you?)\nNobody\n\n[Bridge]\nSometimes, I wonder if you\'re gonna screw this up with me\nBut you told Lucy you\'d kill yourself if I ever leave\nAnd I had said that to Jack about you, so I felt seen\nEveryone we know understands why it\'s meant to be\n\'Cause we\'re crazy\nSo tell me, who else is gonna know me?\nAt dinner, you take my ring off my middle finger\nAnd put it on the one people put wedding rings on\nAnd that\'s the closest I\'ve come to my heart exploding\n[Chorus]\nWho\'s gonna hold you? (Who?)\nMe\nWho\'s gonna know you? (Who?)\nMe\nAnd you\'re not Dylan Thomas, I\'m not Patti Smith\nThis ain\'t the Chelsea Hotel, we\'re two idiots\nWho\'s gonna hold you?\n\n[Post-Chorus]\nWho\'s gonna hold you?\nWho\'s gonna hold you?\nWho\'s gonna hold you?\nWho\'s gonna hold you?\nWho\'s gonna hold you?\nWho\'s gonna hold you?\nWho\'s gonna hold you?\nGonna know you? Gonna troll you?\n\n[Outro]\nYou left your typewriter at my apartment\nStraight from the tortured poets department\nWho else decodes you?'),(206,'My Boy Only Breaks His Favorite Toys','The Tortured Poets Department','Oh, here we go again\nThe voices in his head\nCalled the rain to end our days of wild\nThe sickest army doll\nPurchased at the mall\nRivulets descend my plastic smile\n\n[Pre-Chorus]\nBut you should\'ve seen him when he first got me\n\n[Chorus]\nMy boy only breaks his favorite toys, toys, oh\nI\'m queen of sand castles he destroys, oh, oh\n\'Cause it fit too right, puzzle pieces in the dead of night\nI should\'ve known it was a matter of time, oh, oh\nMy boy only breaks his favorite toys, oh, oh\n\n[Verse 2]\nThere was a litany of reasons why\nWe could\'ve played for keeps this time\nI know I\'m just repeating myself\nPut me back on my shelf\nBut first, pull the string\nAnd I\'ll tell you that he runs\nBecause he loves me (He loves me)\n\n[Pre-Chorus]\n\'Cause you should\'ve seen him when he first saw me\n\n[Chorus]\nMy boy (My boy), only breaks his favorite toys, toys, oh\nI\'m queen (I\'m queen), of sand castles he destroys, oh, oh\n\'Cause I knew too much, there was danger in the heat of my touch\nHe saw forever, so he smashed it up, oh, oh\nMy boy (My boy), only breaks his favorite toys, oh, oh\n\n[Bridge]\nOnce I fix me\nHe\'s gonna miss me\nOnce I fix me\nHe\'s gonna miss me\n\n[Outro]\nJust say when, I\'d play again\nHe was my best friend down at the sandlot\nI felt more when we played pretend\nThan with all the Kens\n\'Cause he took me out of my box\nStole my tortured heart\nLeft all these broken parts\nTold me I\'m better off\nBut I\'m not\nI\'m not, I\'m not'),(207,'Down Bad','The Tortured Poets Department','Did you really beam me up\nIn a cloud of sparkling dust\nJust to do experiments on?\nTell me I was the chosen one\nShowed me that this world is bigger than us\nThen sent me back where I came from\n\n[Pre-Chorus]\nFor a moment, I knew cosmic love\n\n[Chorus]\nNow I\'m down bad, cryin\' at the gym\nEverything comes out teenage petulance\n\"Fuck it if I can\'t have him\"\n\"I might just die, it would make no difference\"\nDown bad, wakin\' up in blood\nStarin\' at the sky, come back and pick me up\nFuck it if I can\'t have us\nI might just not get up, I might stay\n\n[Post-Chorus]\nDown bad\nFuck it if I can\'t have him\nDown bad\nFuck it if I can\'t have him\n\n[Verse 2]\nDid you take all my old clothes\nJust to leave me here, naked and alone\nIn a field in my same old town\nThat somehow seems so hollow now?\nThey\'ll say I\'m nuts if I talk about\nThe existence of you\n\n[Pre-Chorus]\nFor a moment, I was heavenstruck\n\n[Chorus]\nNow I\'m down bad, cryin\' at the gym (Cryin\' at the gym)\nEverything comes out teenage petulance\n\"Fuck it if I can\'t have him\" (Fuck it if I can\'t have him)\n\"I might just die, it would make no difference\"\nDown bad, wakin\' up in blood (Wakin\' up in blood)\nStarin\' at the sky, come back and pick me up\nFuck it if I can\'t have us\nI might just not get up, I might stay\n\n[Post-Chorus]\nDown bad (Like I lost my twin)\nFuck it if I can\'t have him (Down bad)\nDown bad (Wavin\' at the ship)\nFuck it if I can\'t have him\n[Bridge]\nI loved your hostile takeovers\nEncounters closer and closer\nAll your indecent exposures\nHow dare you say that it\'s - \nI\'ll build you a fort on some planet\nWhere they can all understand it\nHow dare you think it\'s romantic\nLeaving me safe and stranded\n\'Cause fuck it, I was in love\nSo fuck you if I can\'t have us\n\'Cause fuck it, I was in love\n\n[Chorus]\nNow I\'m down bad, cryin\' at the gym (Cryin\' at the gym)\nEverything comes out teenage petulance\n\"Fuck it if I can\'t have him\" (Can\'t have him)\n\"I might just die, it would make no difference\"\nDown bad, wakin\' up in blood (Wakin\' up in blood)\nStarin\' at the sky, come back and pick me up\nFuck it if I can\'t have us\nI might just not get up, I might stay\n\n[Post-Chorus]\nDown bad (Like I lost my twin)\nFuck it if I can\'t have him (I\'m down bad)\nDown bad (Wavin\' at the ship)\nFuck it if I can\'t have him\n[Outro]\nLike I lost my twin\nFuck it if I can\'t have him\nDown bad (Wavin\' at the ship)\nFuck it if I can\'t have him'),(208,'So Long, London','The Tortured Poets Department','So (So) long (Long), London (London)\nSo (So) long (Long), London (London)\nSo (So) long (Long), London (London)\n[Verse 1]\nI saw in my mind fairy lights through the mist\nI kept calm and carried the weight of the rift\nPulled him in tighter each time he was driftin\' away\nMy spine split from carrying us up the hill\nWet through my clothes, weary bones caught the chill\nI stopped tryna make him laugh, stopped tryna drill the safe\n\n[Chorus]\nThinkin\', \"How much sad did you think I had\nDid you think I had in me?\"\nOh, the tragedy\nSo long, London\nYou\'ll find someone\n\n[Verse 2]\nI didn\'t opt in to be your odd man out\nI founded the club she\'s heard great things about\nI left all I knew, you left me at the house by the Heath\nI stopped CPR, after all, it\'s no use\nThe spirit was gone, we would never come to\nAnd I\'m pissed off you let me give you all that youth for free\n\n[Chorus]\nFor so long, London\nStitches undone\nTwo graves, one gun\nI\'ll find someone\n\n[Bridge]\nAnd you say I abandoned the ship\nBut I was going down with it\nMy white-knuckle dying grip\nHolding tight to your quiet resentment\nAnd my friends said it isn\'t right to be scared\nEvery day of a love affair\nEvery breath feels like rarest air\nWhen you\'re not sure if he wants to be there\n\n[Chorus]\nSo how much sad did you think I had\nDid you think I had in me?\nHow much tragedy?\nJust how low did you\nThink I\'d go \'fore I\'d self-implode?\n\'Fore I\'d have to go be free?\n\n[Verse 3]\nYou swore that you loved me, but where were the clues?\nI died on the altar waitin\' for the proof\nYou sacrificed us to the gods of your bluest days\nAnd I\'m just getting color back into my face\nI\'m just mad as hell \'cause I loved this place for\n[Chorus]\nSo (So) long (Long), London (London)\nHad (Had) a (A) good (Good) run (Run)\nA moment (Moment) of warm sun (Sun)\nBut I\'m (I\'m) not (Not) the (The) one (One)\nSo (So) long (Long), London (London)\nStitches (Stitches) undone (Undone)\nTwo (Two) graves (Graves) one gun (Gun)\nYou\'ll (You\'ll) find (Find) someone'),(209,'But Daddy I Love Him','The Tortured Poets Department','I forget how the West was won\nI forget if this was ever fun\nI just learned these people only raise you\nTo cage you\nSarahs and Hannahs in their Sunday best\nClutchin\' their pearls, sighing, \"What a mess\"\nI just learned these people try and save you\n\'Cause they hate you\n\n[Pre-Chorus]\nToo high a horse\nFor a simple girl\nTo rise above it\nThey slammed the door\nOn my whole world\nThe one thing I wanted\n\n[Chorus]\nNow I\'m runnin\' with my dress unbuttoned\nScreamin\', \"But, Daddy, I love him\"\nI\'m havin\' his baby\nNo, I\'m not, but you should see your faces\nI\'m tellin\' him to floor it through the fences\nNo, I\'m not coming to my senses\nI know he\'s crazy, but he\'s the one I want\n\n[Verse 2]\nDutiful daughter, all my plans were laid\nTendrils tucked into a woven braid\nGrowin\' up precocious sometimes means\nNot growin\' up at all\nHe was chaos, he was revelry\nBedroom eyes like a remedy\nSoon enough, the elders had convened\nDown at the city hall\n\n[Pre-Chorus]\n\"Stay away from her\"\nThe saboteurs\nProtested too much\nLord knows the words\nWe never heard\nJust screeching tires and true love\n\n[Chorus]\nAnd I\'m runnin\' with my dress unbuttoned\nScreamin\', \"But, Daddy, I love him\"\nI\'m havin\' his baby\nNo, I\'m not, but you should see your faces\nI\'m tellin\' him to floor it through the fences\nNo, I\'m not coming to my senses\nI know he\'s crazy, but he\'s the one I want\n[Post-Chorus]\nI\'ll tell you something right now\nI\'d rather burn my whole life down\nThan listen to one more second of all this bitchin\' and moanin\'\nI\'ll tell you something \'bout my good name\nIt\'s mine alone to disgrace\nI don\'t cater to all these vipers dressed in empath\'s clothing\n\n[Bridge]\nGod save the most judgmental creeps\nWho say they want what\'s best for me\nSanctimoniously performing soliloquies I\'ll never see\nThinkin\' it can change the beat\nOf my heart when he touches me\nAnd counteract the chemistry\nAnd undo the destiny\nYou ain\'t gotta pray for me\nMe and my wild boy and all of this wild joy\nIf all you want is gray for me\nThen it\'s just white noise, and it\'s just my choice\n\n[Verse 3]\nThere\'s a lot of people in town that I\nBestow upon my fakest smiles\nScandal does funny things to pride, but brings lovers closer\nWe came back when the heat died down\nWent to my parents and they came around\nAll the wine moms are still holdin\' out, but fuck \'em, it\'s over\n[Chorus]\nNow I\'m dancin\' in my dress in the sun and\nEven my daddy just loves him\nI\'m his lady\nAnd, oh my God, you should see your faces\nTime, doesn\'t it give some perspective?\nAnd, no, you can\'t come to the wedding\nI know it\'s crazy, but he\'s the one I want\n\n[Post-Chorus]\nI\'ll tell you something right now\nYou ain\'t gotta pray for me\nMe and my wild boy and all of this wild joy\n(He was chaos, he was revelry)\nIf all you want is gray for me\nThen it\'s just white noise, and it\'s my choice\n\n[Outro]\nScreamin\', \"But, Daddy, I love him\"\nI\'m having his baby\nNo, I\'m not\nBut you should see your faces\nBut, oh my God, you should see your faces\n(He was chaos, he was revelry)\n(He was chaos, he was revelry)'),(210,'Fresh Out The Slammer','The Tortured Poets Department','Now, pretty baby, I\'m runnin\' back home to you\nFresh out the slammer, I know who my first call will be to\n(Fresh out the slammer, oh)\n\n[Verse 1]\nAnother summer takin\' cover, rolling thunder\nHe don\'t understand me\nSplintered back in winter, silent dinners, bitter\nHe was with her in dreams\n\n[Pre-Chorus]\nGray and blue and fights and tunnels\nHandcuffed to the spell I was under\nFor just one hour of sunshine\nYears of labor, locks, and ceilings\nIn the shade of how he was feeling\nBut it\'s gonna be alright, I did my time\n\n[Chorus]\nNow, pretty baby, I\'m runnin\' back home to you\nFresh out the slammer, I know who my first call will be to\n(Fresh out the slammer, oh)\n\n[Verse 2]\nCamera flashes, welcome bashes, get the matches\nToss the ashes off the ledge\nAs I said in my letters, now that I know better\nI will never lose my baby again\n\n[Pre-Chorus]\nMy friends tried, but I wouldn\'t hear it\nWatch me daily disappearing\nFor just one glimpse of his smile\nAll those nights, he kept me goin\'\nSwirled you into all of my poems\nNow we\'re at the starting line, I did my time\n\n[Chorus]\nNow, pretty baby, I\'m runnin\'\n\n[Bridge]\nTo the house where you still wait up and that porch light gleams (Gleams)\nTo the one who says I\'m the girl of his American dreams\nAnd no matter what I\'ve done, it wouldn\'t matter anyway\nAin\'t no way I\'m gonna screw up now that I know what\'s at stake here\nAt the park where we used to sit on children\'s swings\nWearing imaginary rings\n\n[Outro]\nBut it\'s gonna be alright, I did my time'),(211,'Florida!!!','The Tortured Poets Department','You can beat the heat if you beat the charges too\nThey said I was a cheat, I guess it must be true\nAnd my friends all smell like weed or little babies\nAnd this city reeks of driving myself crazy\n\n[Pre-Chorus: Taylor Swift]\nLittle did you know your home\'s really only\nA town you\'re just a guest in\nSo you work your life away just to pay\nFor a time-share down in Destin\n\n[Chorus: Taylor Swift & Florence Welch, Taylor Swift]\nFlorida\nIs one hell of a drug\nFlorida\nCan I use you up?\n\n[Verse 2: Florence Welch, Taylor Swift & Florence Welch]\nThe hurricane with my name when it came\nI got drunk and I dared it to wash me away\nBarricaded in the bathroom with a bottle of wine\nWell, me and my ghosts, we had a hell of a time\nYes, I\'m haunted, but I\'m feeling just fine\nAll my girls got their lace and their crimes\nAnd your cheating husband disappeared, well\nNo one asks any questions here\nSo I did my best to lay to rest\nAll of the bodies that have ever been on my body\nAnd in my mind, they sink into the swamp\nIs that a bad thing to say in a song?\n\n[Pre-Chorus: Florence Welch]\nLittle did you know your home\'s really only\nThe town you\'ll get arrested\nSo you pack your life away just to wait out\nThe shitstorm back in Texas\n\n[Chorus: Taylor Swift & Florence Welch, Taylor Swift]\nFlorida\nIs one hell of a drug\nFlorida\nCan I use you up?\n\n[Bridge: Taylor Swift, Florence Welch, Taylor Swift & Florence Welch]\nI need to forget, so take me to Florida\nI\'ve got some regrets, I\'ll bury them in Florida\nTell me I\'m despicable, say it\'s unforgivable\nAt least the dolls are beautiful, fuck me up, Florida\nI need to forget, so take me to Florida\nI\'ve got some regrets, I\'ll bury them in Florida\nTell me I\'m despicable, say it\'s unforgivable\nWhat a crash, what a rush, fuck me up, Florida\nIt\'s one hell of a drug\nIt\'s one hell of a drug\nLove left me like this and I don\'t want to exist\nSo take me to Florida\n[Pre-Chorus: Taylor Swift, Taylor Swift & Florence Welch, Florence Welch]\nLittle did you know your home\'s really only\nA town you\'re just a guest in (Florida)\nSo you work your life away just to pay\nFor a time-share down in Destin (Take me to Florida)\nLittle did you know your home\'s really only\nThe town you\'ll get arrested (Florida)\nSo you pack your life away just to wait out\nThe shitstorm back in Texas\n\n[Chorus: Taylor Swift & Florence Welch, Taylor Swift]\nFlorida\nIs one hell of a drug\n(Take me to) Florida\nCan I use you up?\nFlorida\nIs one hell of a drug\nFlorida\nGo on, fuck me up'),(212,'Guilty as Sin?','The Tortured Poets Department','Drownin\' in the Blue Nile\nHe sent me \"Downtown Lights\"\nI hadn\'t heard it in a while\nMy boredom\'s bone-deep\nThis cage was once just fine\nAm I allowed to cry?\nI dream of crackin\' locks\nThrowin\' my life to the wolves or the ocean rocks\nCrashin\' into him tonight, he\'s a paradox\nI\'m seeing visions\nAm I bad or mad or wise?\n\n[Chorus]\nWhat if he\'s written \"mine\" on my upper thigh only in my mind?\nOne slip and fallin\' back into the hedge maze\nOh, what a way to die\nI keep recalling things we never did\nMessy top-lip kiss, how I long for our trysts\nWithout ever touchin\' his skin\nHow can I be guilty as sin?\n\n[Verse 2]\nI keep these longings locked\nIn lowercase, inside a vault\nSomeone told me, \"There\'s no such thing as bad thoughts\nOnly your actions talk\"\nThese fatal fantasies\nGiving way to labored breath, takin\' all of me\nWe\'ve already done it in my head\nIf it\'s make-believe\nWhy does it feel like a vow we\'ll both uphold somehow?\n\n[Chorus]\nWhat if he\'s written \"mine\" on my upper thigh only in my mind?\nOne slip and fallin\' back into the hedge maze\nOh, what a way to die\nMy bed sheets are ablaze\nI\'ve screamed his name\nBuildin\' up like waves crashin\' over my grave\nWithout ever touchin\' his skin\nHow can I be guilty as sin?\n\n[Bridge]\nWhat if I roll the stone away?\nThey\'re gonna crucify me anyway\nWhat if the way you hold me is actually what\'s holy?\nIf long-suffering propriety is what they want from me\nThey don\'t know how you\'ve haunted me so stunningly\nI choose you and me religiously\n\n[Chorus]\nWhat if he\'s written \"mine\" on my upper thigh only in my mind?\nOne slip and fallin\' back into the hedge maze\nOh, what a way to die\nI keep recalling things we never did\nMessy top-lip kiss, how I long for our trysts\nWithout ever touchin\' his skin\nHow can I be guilty as sin?\n[Outro]\nHe sent me \"Downtown Lights\"\nI hadn\'t heard it in a while\nAm I allowed to cry?'),(213,'Who\'s Afraid of Little Old Me?','The Tortured Poets Department','The who\'s who of \"Who\'s that?\" is poised for the attack\nBut my bare hands paved their paths\nYou don\'t get to tell me about \"sad\"\n\n[Pre-Chorus]\nIf you wanted me dead, you should\'ve just said\nNothing makes me feel more alive\n\n[Chorus]\nSo I leap from the gallows and I levitate down your street\nCrash the party like a record scratch as I scream\n\"Who\'s afraid of little old me?\"\nYou should be\n\n[Verse 2]\nThe scandal was contained\nThe bullet had just grazed\nAt all costs, keep your good name\nYou don\'t get to tell me you feel bad\n\n[Pre-Chorus]\nIs it a wonder I broke? Let\'s hear one more joke\nThen we could all just laugh until I cry\n\n[Chorus]\nSo I leap from the gallows and I levitate down your street\nCrash the party like a record scratch as I scream\n\"Who\'s afraid of little old me?\"\nI was tame, I was gentle \'til the circus life made me mean\n\"Don\'t you worry, folks, we took out all her teeth\"\nWho\'s afraid of little old me?\nWell, you should be\n\n[Post-Chorus]\n(You should be) You should be\n(You should be) You should be\nYou should be (You should be)\nYou should be (You should be)\nYou should be\n\n[Bridge]\nSo tell me everything is not about me\nBut what if it is?\nThen say they didn\'t do it to hurt me\nBut what if they did?\nI wanna snarl and show you just how disturbed this has made me\nYou wouldn\'t last an hour in the asylum where they raised me\nSo all you kids can sneak into my house with all the cobwebs\nI\'m always drunk on my own tears, isn\'t that what they all said?\nThat I\'ll sue you if you step on my lawn\nThat I\'m fearsome and I\'m wretched and I\'m wrong\nPut narcotics into all of my songs\nAnd that\'s why you\'re still singin\' along\n\n[Chorus]\nSo I leap from the gallows and I levitate down your street\nCrash the party like a record scratch as I scream\n\"Who\'s afraid of little old me?\"\nI was tame, I was gentle \'til the circus life made me mean\n\"Don\'t you worry, folks, we took out all her teeth\"\nWho\'s afraid of little old me?\nWell, you should be\n[Post-Chorus]\n(You should be) You should be\n(You should be) You should be\n\'Cause you lured me (You should be)\nAnd you hurt me (You should be)\nAnd you taught me\n\n[Outro]\nYou caged me and then you called me crazy\nI am what I am \'cause you trained me\nSo who\'s afraid of me?\nWho\'s afraid of little old me?\nWho\'s afraid of little old me?'),(214,'I Can Fix Him (No Really I Can)','The Tortured Poets Department','The smoke cloud billows out his mouth\nLike a freight train through a small town\nThe jokes that he told across the bar\nWere revolting and far too loud\n\n[Chorus]\nThey shake their heads sayin\', \"God, help her\"\nWhen I tell \'em he\'s my man\nBut your good Lord doesn\'t need to lift a finger\nI can fix him, no, really, I can\nAnd only I can\n\n[Verse 2]\nThe dopamine races through his brain\nOn a six-lane Texas highway\nHis hand so calloused from his pistol\nSoftly traces hearts on my face\nAnd I could see it from a mile away\nA perfect case for my certain skill set\nHe had a halo of the highest grade\nHe just hadn\'t met me yet\n\n[Chorus]\nThey shake their heads sayin\', \"God, help her\"\nWhen I tell \'em he\'s my man\nBut your good Lord doesn\'t need to lift a finger\nI can fix him, no, really, I can\nAnd only I can\n\n[Bridge]\nGood boy, that\'s right, come close\nI\'ll show you Heaven if you\'ll be an angel, all night\nTrust me, I can handle me a dangerous man\nNo, really, I can\n\n[Chorus]\nThey shook their heads sayin\', \"God, help her\"\nWhen I told \'em he\'s my man (I told \'em he\'s my man)\nBut your good Lord didn\'t need to lift a finger\nI can fix him, no, really, I can (No, really, I can)\nWoah, maybe I can\'t'),(215,'loml','The Tortured Poets Department','Who\'s gonna stop us from waltzing back into rekindled flames\nIf we know the steps anyway?\nWe embroidered the memories of the time I was away\nStitching, \"We were just kids, babe\"\nI said, \"I don\'t mind, it takes time\"\nI thought I was better safe than starry-eyed\nI felt aglow like this\nNever before and never since\n\n[Chorus]\nIf you know it in one glimpse, it\'s legendary\nYou and I go from one kiss to getting married\nStill alive, killing time at the cemetery\nNever quite buried\nIn your suit and tie, in the nick of time\nYou low-down boy, you stand-up guy\nYou Holy Ghost, you told me I\'m the love of your life\nYou said I\'m the love of your life\nAbout a million times\n\n[Verse 2]\nWho\'s gonna tell me the truth when you blew in with the winds of fate\nAnd told me I reformed you?\nWhen your impressionist paintings of heaven turned out to be fakes\nWell, you took me to hell too\nAnd all at once, the ink bleeds\nA con man sells a fool a get-love-quick scheme\nBut I\'ve felt a hole like this\nNever before and ever since\n\n[Chorus]\nIf you know it in one glimpse, it\'s legendary\nWhat we thought was for all time was momentary\nStill alive, killing time at the cemetery\nNever quite buried\nYou cinephile in black and white\nAll those plot twists and dynamite\nMr. Steal Your Girl, then make her cry\nYou said I\'m the love of your life\n\n[Bridge]\nYou shit-talked me under the table\nTalkin\' rings and talkin\' cradles\nI wish I could un-recall\nHow we almost had it all\nDancing phantoms on the terrace\nAre they second-hand embarrassed\nThat I can\'t get out of bed\n\'Cause something counterfeit\'s dead?\nIt was legendary\nIt was momentary\nIt was unnecessary\nShould\'ve let it stay buried\n\n[Chorus]\nOh, what a valiant roar\nWhat a bland goodbye\nThe coward claimed he was a lion\nI\'m combing through the braids of lies\n\"I\'ll never leave,\" \"Never mind\"\nOur field of dreams engulfed in fire\nYour arson\'s match, your somber eyes\nAnd I\'ll still see it until I die\nYou\'re the loss of my life'),(216,'I Can Do It With A Broken Heart','The Tortured Poets Department','I can read your mind\n\"She\'s having the time of her life\"\nThere in her glittering prime\nThe lights refract sequin stars off her silhouette every night\nI can show you lies\n(One, two, three, four)\n\n[Pre-Chorus]\n\'Cause I\'m a real tough kid\nI can handle my shit\nThey said, \"Babe, you gotta fake it \'til you make it\" and I did\nLights, camera, bitch, smile\nEven when you wanna die\nHe said he\'d love me all his life\nBut that life was too short\nBreaking down, I hit the floor\nAll the pieces of me shattered as the crowd was chanting, \"More\"\nI was grinnin\' like I\'m winnin\'\nI was hittin\' my marks\n\'Cause I can do it with a broken heart\n(One, two, three, four)\n[Chorus]\nI\'m so depressed, I act like it\'s my birthday every day\nI\'m so obsessed with him, but he avoids me like the plague\nI cry a lot, but I am so productive, it\'s an art\nYou know you\'re good when you can even do it with a broken heart\n\n[Verse 2]\nI can hold my breath\nI\'ve been doin\' it since he left\nI keep finding his things in drawers\nCrucial evidence I didn\'t imagine the whole thing\nI\'m sure I can pass this test\n(One, two, three, four)\n\n[Pre-Chorus]\n\'Cause I\'m a real tough kid\nI can handle my shit\nThey said, \"Babe, you gotta fake it \'til you make it\" and I did\nLights, camera, bitch, smile\nIn stilettos for miles\nHe said he\'d love me for all time\nBut that time was quite short\nBreaking down, I hit the floor\nAll the pieces of me shattered as the crowd was chanting, \"More\"\nI was grinnin\' like I\'m winnin\'\nI was hittin\' my marks\n\'Cause I can do it with a broken heart\n(One, two, three, four)\n\n[Chorus]\nI\'m so depressed, I act like it\'s my birthday every day\nI\'m so obsessed with him, but he avoids me (He avoids me), like the plague\nI cry a lot, but I am so productive, it\'s an art\nYou know you\'re good when you can even do it with a broken heart\n[Outro]\nYou know you\'re good when you can even do it with a broken heart\nYou know you\'re good\nAnd I\'m good\n\'Cause I\'m miserable (Haha)\nAnd nobody even knows\nAh, try and come for my job'),(217,'The Smallest Man Who Ever Lived','The Tortured Poets Department','Was any of it true?\nGazing at me starry-eyed\nIn your Jehovah\'s Witness suit\nWho the fuck was that guy?\nYou tried to buy some pills\nFrom a friend of friends of mine\nThey just ghosted you\nNow you know what it feels like\n\n[Chorus]\nAnd I don\'t even want you back, I just want to know\nIf rusting my sparkling summer was the goal\nAnd I don\'t miss what we had, but could someone give\nA message to the smallest man who ever lived?\n\n[Verse 2]\nYou hung me on your wall\nStabbed me with your push pins\nIn public, showed me off\nThen sank in stoned oblivion\n\'Cause once your queen had come\nYou\'d treat her like an also-ran\nYou didn\'t measure up\nIn any measure of a man\n\n[Chorus]\nAnd I don\'t even want you back, I just want to know\nIf rusting my sparkling summer was the goal\nAnd I don\'t miss what we had, but could someone give\nA message to the smallest man who ever lived?\n\n[Bridge]\nWere you sent by someone who wanted me dead?\nDid you sleep with a gun underneath our bed?\nWere you writin\' a book? Were you a sleeper cell spy?\nIn fifty years, will all this be declassified?\nAnd you\'ll confess why you did it and I\'ll say, \"Good riddance\"\n\'Cause it wasn\'t sexy once it wasn\'t forbidden\nI would\'ve died for your sins, instead, I just died inside\nAnd you deserve prison, but you won\'t get time\nYou\'ll slide into inboxes and slip through the bars\nYou crashed my party and your rental car\nYou said normal girls were boring\nBut you were gone by the morning\nYou kicked out the stage lights, but you\'re still performing\n\n[Outro]\nAnd in plain sight you hid\nBut you are what you did\nAnd I\'ll forget you, but I\'ll never forgive\nThe smallest man who ever lived'),(218,'The Alchemy','The Tortured Poets Department','This happens once every few lifetimes\nThese chemicals hit me like white wine\nWhat if I told you I\'m back?\nThe hospital was a drag\nWorst sleep that I ever had\nI circled you on a map\nI haven\'t come around in so long\nBut I\'m coming back so strong\n\n[Chorus]\nSo when I touch down\nCall the amateurs and cut \'em from the team\nDitch the clowns, get the crown\nBaby, I\'m the one to beat\n\'Cause the sign on your heart\nSaid it\'s still reserved for me\nHonestly, who are we to fight the alchemy?\n\n[Verse 2]\nHey, you, what if I told you we\'re cool?\nThat child\'s play back in school\nIs forgiven under my rule\nI haven\'t come around in so long\nBut I\'m making a comeback to where I belong\n\n[Chorus]\nSo when I touch down\nCall the amateurs and cut \'em from the team\nDitch the clowns, get the crown\nBaby, I\'m the one to beat\n\'Cause the sign on your heart\nSaid it\'s still reserved for me\nHonestly, who are we to fight the alchemy?\nThese blokes warm the benches\nWe\'ve been on a winning streak\nHe jokes that it\'s heroin, but this time with an \"E\"\n\'Cause the sign on your heart\nSaid it\'s still reserved for me\nHonestly, who are we to fight the alchemy?\n\n[Bridge]\nShirts off and your friends lift you up over their heads\nBeer stickin\' to the floor, cheers chanted \'cause they said\n\"There was no chance trying to be the greatest in the league\"\nWhere\'s the trophy? He just comes runnin\' over to me\n\n[Chorus]\nTouchdown\nCall the amateurs and cut \'em from the team\nDitch the clowns, get the crown\nBaby, I\'m the one to beat\n\'Cause the sign on your heart\nSaid it\'s still reserved for me\nHonestly, who are we to fight the alchemy?\nThese blokes warm the benches\nWe\'ve been on a winning streak\nHe jokes that it\'s heroin, but this time with an \"E\"\n\'Cause the sign on your heart\nSaid it\'s still reserved for me\nHonestly, who are we to fight the alchemy?\n[Outro]\nThis happens once every few lifetimes\nThese chemicals hit me like white wine'),(219,'Clara Bow','The Tortured Poets Department','\"You look like Clara Bow\nIn this light, remarkable\nAll your life, did you know\nYou\'d be picked like a rose?\"\n\n[Pre-Chorus]\n\"I\'m not trying to exaggerate\nBut I think I might die if it happened\nDie if it happened to me\nNo one in my small town\nThought I\'d see the lights of Manhattan\"\n\n[Chorus]\n\"This town is fake, but you\'re the real thing\nBreath of fresh air through smoke rings\nTake the glory, give everything\nPromise to be dazzling\"\n[Verse 2]\n\"You look like Stevie Nicks\nIn \'75, the hair and lips\nCrowd goes wild at her fingertips\nHalf moonshine, a full eclipse\"\n\n[Pre-Chorus]\n\"I\'m not trying to exaggerate\nBut I think I might die if I made it, die if I made it\nNo one in my small town thought I\'d meet these suits in L.A.\nThey all wanna say...\"\n\n[Chorus]\n\"This town is fake, but you\'re the real thing\nBreath of fresh air through smoke rings\nTake the glory, give everything\nPromise to be dazzling\nThe crown is stained, but you\'re the real queen\nFlesh and blood amongst war machines\nYou\'re the new god we\'re worshipping\nPromise to be dazzling\"\n\n[Bridge]\nBeauty is a beast that roars down on all fours\nDemanding more\nOnly when your girlish glow flickers just so\nDo they let you know\nIt\'s hell on earth to be heavenly\nThem\'s the breaks, they don\'t come gently\n[Outro]\n\"You look like Taylor Swift\nIn this light, we\'re lovin\' it\nYou\'ve got edge, she never did\nThe future\'s bright, dazzling\"'),(220,'The Black Dog','The Tortured Poets Department','I am someone who until recent events\nYou shared your secrets with\nAnd your location, you forgot to turn it off\nAnd so I watch as you walk\nInto some bar called The Black Dog\nAnd pierce new holes in my heart\nYou forgot to turn it off\nAnd it hits me\n\n[Chorus]\nI just don\'t understand\nHow you don\'t miss me in The Black Dog\nWhen someone plays \"The Starting Line\"\nAnd you jump up, but she\'s too young to know this song\nThat was intertwined in the magic fabric of our dreaming\nOld habits die screaming\n\n[Verse 2]\nI move through the world with the heartbroken\nMy longings stay unspoken\nAnd I may never open up the way I did for you\nAnd all of those best laid plans\nYou said I needed a brave man\nThen proceeded to play him\nUntil I believed it too\nAnd it kills me\n\n[Chorus]\nI just don\'t understand\nHow you don\'t miss me in the shower\nAnd remember how my rain-soaked body\nWas shakin\', do you hate me?\nWas it hazing? For a cruel fraternity\nI pledged and I still mean it\nOld habits die screaming\n\n[Bridge]\nSix weeks of breathin\' clean air\nI still miss the smoke\nWere you makin\' fun of me\nWith some esoteric joke?\nNow I wanna sell my house\nAnd set fire to all my clothes\nAnd hire a priest to come and exorcise my demons\nEven if I die screaming\nAnd I hope you hear it\n\n[Chorus]\nAnd I hope it\'s shitty in The Black Dog\nWhen someone plays \"The Starting Line\"\nAnd you jump up, but she\'s too young to know this song\nThat was intertwined in the tragic fabric of our dreaming\n\'Cause tail between your legs, you\'re leavin\'\n[Outro]\nI still can\'t believe it\n\'Cause old habits die screaming'),(221,'imgonnagetyouback','The Tortured Poets Department','Yeah\n\n[Verse 1]\nLilac short skirt, the one that fits me like skin\nDid your research, you knew the price goin\' in\nAnd I\'ll tell you one thing, honey\nI can tell when somebody still wants me, come clean\nStandin\' at the bar like something\'s funny, bubbly\nOnce you fix your face, I\'m goin\' in (Yeah)\n\n[Chorus]\nWhether I\'m gonna be your wife or\nGonna smash up your bike, I haven\'t decided yet\nBut I\'m gonna get you back\nWhether I\'m gonna curse you out or\nTake you back to my house, I haven\'t decided yet\nBut I\'m gonna get you back\n\n[Post-Chorus]\nI, I hear the whispers in your eyes\nI\'ll make you wanna think twice\nYou\'ll find that you were never not mine\n(You\'re mine)\n\n[Verse 2]\nSmall talk, big love, act like I don\'t care what you did\nI\'m an Aston Martin that you steered straight into the ditch\nThen ran and hid\nAnd I\'ll tell you one thing, honey\nI can take the upper hand and touch your body\nFlip the script and leave you like a dumb house party\nOr I might just love you \'til the end\n\n[Chorus]\nWhether I\'m gonna be your wife or\nGonna smash up your bike, I haven\'t decided yet\nBut I\'m gonna get you back\nWhether I\'m gonna flip you off or\nPull you into the closet, I haven\'t decided yet\nBut I\'m gonna get you back\n\n[Post-Chorus]\nI, I hear the whispers in your eyes\nI\'ll make you wanna think twice\nYou\'ll find that you were never not mine\n(You\'re mine)\n\n[Bridge]\nI can feel it coming, humming in the way you move\nPush the reset button, we\'re becomin\' something new\nSay you got somebody, I\'ll say I got someone too\nEven if it\'s handcuffed, I\'m leavin\' here with you\nBygones will be bygone, eras fadin\' into gray (Fading into gray)\nWe broke all the pieces, but still wanna play the game (Oh)\nTold my friends I hate you, but I love you just the same\nPick your poison, babe, I\'m poison either way\n\n[Chorus]\nWhether I\'m gonna be your wife or\nGonna smash up your bike, I haven\'t decided yet\nBut I\'m gonna get you back\nWhether I\'m gonna curse you out or\nTake you back to my house, I haven\'t decided yet\nBut I\'m gonna get you back\n[Post-Chorus]\nI, I hear the whispers in your eyes\nI\'ll make you wanna think twice\nYou\'ll find that you were never not mine\n\n[Outro]\nI\'m gonna get you back'),(222,'The Albatross','The Tortured Poets Department','Wise men once said\n\"Wild winds are death to the candle\"\nA rose by any other name is a scandal\nCautions issued, he stood\nShooting the messengers\nThey tried to warn him about her\n\n[Chorus]\nCross your thoughtless heart\nOnly liquor anoints you\nShe\'s the albatross\nShe is here to destroy you\n\n[Verse 2]\nWise men once said\n\"One bad seed kills the garden\"\n\"One less temptress, one less dagger to sharpen\"\nLocked me up in towers\nBut I\'d visit in your dreams\nAnd they tried to warn you about me\n\n[Chorus]\nCross your thoughtless heart\nOnly liquor anoints you\nShe\'s the albatross\nShe is here to destroy you\nDevils that you know\nRaise worse hell than a stranger\nShe\'s the death you chose\nYou\'re in terrible danger\n\n[Bridge]\nAnd when that sky rains fire on you\nAnd you\'re persona non grata\nI\'ll tell you how I\'ve been there too\nAnd that none of it matters\n\n[Verse 3]\nWise men once read fake news\nAnd they believed it\nJackals raised their hackles\nYou couldn\'t conceive it\nYou were sleeping soundly\nWhen they dragged you from your bed\nAnd I tried to warn you about them\n\n[Chorus]\nSo I crossed my thoughtless heart\nSpread my wings like a parachute\nI\'m the albatross\nI swept in at the rescue\nThe devil that you know\nLooks now more like an angel\nI\'m the life you chose\nAnd all this terrible danger\n(This terrible danger)\n[Outro]\nSo cross your thoughtless heart\nShe\'s the albatross\nShe is here to destroy you'),(223,'Chloe or Sam or Sophia or Marcus','The Tortured Poets Department','Your hologram stumbled into my apartment\nHands in the hair of somebody in darkness\nNamed Chloe or Sam or Sophia or Marcus\nAnd I just watched it happen\nAs the decade would play us for fools\nAnd you saw my bones out with somebody new\nWho seemed like he would\'ve bullied you in school\nAnd you just watched it happen\n\n[Chorus]\nIf you wanna break my cold, cold heart\nJust say, \"I loved you the way that you were\"\nIf you wanna tear my world apart\nJust say you\'ve always wondered\n\n[Verse 2]\nYou said some things that I can\'t unabsorb\nYou turned me into an idea of sorts\nYou needed me, but you needed drugs more\nAnd I couldn\'t watch it happen\nI changed into goddesses, villains, and fools\nChanged plans and lovers and outfits and rules\nAll to outrun my desertion of you\nAnd you just watched it\n\n[Chorus]\nIf you wanna break my cold, cold heart\nJust say, \"I loved you the way that you were\"\nIf you wanna tear my world apart\nJust say you\'ve always wondered\n\n[Bridge]\nIf the glint in my eye traced the depths of your sigh\nDown that passage in time back to the moment\nI crashed into you, like so many wrecks do\nToo impaired by my youth to know what to do\n\n[Verse 3]\nSo if I sell my apartment\nAnd you have some kids with an internet starlet\nWill that make your memory fade from this scarlet maroon\nLike it never happened?\nCould it be enough to just float in your orbit?\nCan we watch our phantoms like watching wild horses?\nCooler in theory, but not if you force it to be\nIt just didn\'t happen\n\n[Chorus]\nSo if you wanna break my cold, cold heart\nSay you loved me\nAnd if you wanna tear my world apart\nSay you\'ll always wonder\n[Outro]\n\'Cause I wonder\nWill I always\nWill I always wonder?'),(224,'How Did It End?','The Tortured Poets Department','(Uh-oh, uh-oh)\n\n[Verse 1]\nWe hereby conduct this post-mortem\nHe was a hot house flower to my outdoorsman\nOur maladies were such we could not cure them\nAnd so a touch that was my birthright became foreign\n\n[Chorus]\nCome one, come all, it\'s happenin\' again\nThe empathetic hunger descends\nWe\'ll tell no one except all of our friends\nWe must know\nHow did it end?\n(Uh-oh, uh-oh)\n\n[Verse 2]\nWe were blind to unforeseen circumstances\nWe learned the right steps to different dances\nAnd fell victim to interlopers\' glances\nLost the game of chance, what are the chances?\nSoon, they\'ll go home to their husbands\nSmug \'cause they know they can trust him\nThen feverishly calling their cousins\n\n[Chorus]\n\"Guess who we ran into at the shops?\nWalking in circles like she was lost\nDidn\'t you hear? They called it all off\"\nOne gasp and then\n\"How did it end?\"\n\n[Bridge]\nSay it once again with feeling\nHow the death rattle breathing\nSilenced as the soul was leaving\nThe deflation of our dreaming\nLeaving me bereft and reeling\nMy beloved ghost and me\nSitting in a tree\nD-Y-I-N-G\n\n[Pre-Chorus]\nIt\'s happenin\' again\nHow did it end?\nI can\'t pretend like I understand\nHow did it end?\n\n[Chorus]\nCome one, come all, it\'s happenin\' again\nThe empathetic hunger descends\nWe\'ll tell no one except all of our friends\nBut I still don\'t know\nHow did it end'),(225,'So High School','The Tortured Poets Department','I feel so high school every time I look at you\nI wanna find you in a crowd just to hide from you\n\n[Chorus]\nAnd in a blink of a crinklin\' eye\nI\'m sinkin\', our fingers entwined\nCheeks pink in the twinklin\' lights\nTell me \'bout the first time you saw me\nI\'ll drink what you think and I\'m high\nFrom smokin\' your jokes all damn night\nThe brink of a wrinkle in time\nBittersweet sixteen suddenly\n\n[Post-Chorus]\nI\'m watchin\' American Pie with you on a Saturday night\nYour friends are around, so be quiet\nI\'m tryin\' to stifle my sighs\n\'Cause I feel so high school every time I look at you\nBut look at you\n\n[Interlude]\nAh-ah, ah-ah, ah\n\n[Verse 1]\nAre you gonna marry, kiss, or kill me? (Kill me)\nIt\'s just a game, but really (Really)\nI\'m bettin\' on all three (All three) for us two\nGet my car door, isn\'t that sweet? (That sweet)\nThen pull me to the back seat (The back seat)\nNo one\'s ever had me (Had me), not like you\n\n[Bridge]\nTruth, dare, spin bottles\nYou know how to ball, I know Aristotle\nBrand new, full throttle\nTouch me while your bros play Grand Theft Auto\nIt\'s true, swear, scout\'s honor\nYou knew what you wanted and, boy, you got her\nBrand new, full throttle\nYou already know, babe\n\n[Verse 2]\nI feel like laughin\' in the middle of practice\nDo that impression you did of your dad again\nI\'m hearing voices like a madman\n\n[Chorus]\nAnd in a blink of a crinklin\' eye\nI\'m sinkin\', our fingers entwined\nCheeks pink in the twinklin\' lights\nTell me \'bout the first time you saw me\nI\'ll drink what you think, and I\'m high\nFrom smokin\' your jokes all damn night\nThe brink of a wrinkle in time\nBittersweet sixteen suddenly\n\n[Post-Chorus]\nI\'m watchin\' American Pie with you on a Saturday night\nYour friends are around, so be quiet\nI\'m tryin\' to stifle my sighs\n\'Cause I feel so high school (Feel so high school) every time I look at you\nBut look at you\n[Outro]\nTruth, dare, spin bottles\nYou know how to ball, I know Aristotle\nBrand new, full throttle\nTouch me while your bros play Grand Theft Auto\nIt\'s true, swear, scout\'s honor (Yeah)\nYou knew what you wanted and, boy, you got her\nBrand-new, full throttle (Yeah)\nYou already know, babe\nYou already know, babe'),(226,'I Hate It Here','The Tortured Poets Department','Quick, quick, tell me something awful\nLike you are a poet trapped inside the body of a finance guy\nTell me all your secrets, all you\'ll ever be is\nMy eternal consolation prize\nYou see, I was a debutante in another life, but\nNow I seem to be scared to go outside\nIf comfort is a construct, I don\'t believe in good luck\nNow that I know what\'s what\n\n[Chorus]\nI hate it here so I will go to secret gardens in my mind\nPeople need a key to get to, the only one is mine\nI read about it in a book when I was a precocious child\nNo mid-sized city hopes and small-town fears\nI\'m there most of the year \'cause I hate it here\nI hate it here\n\n[Verse 2]\nMy friends used to play a game where\nWe would pick a decade\nWe wished we could live in instead of this\nI\'d say the 1830s but without all the racists\nAnd getting married off for the highest bid\nEveryone would look down \'cause it wasn\'t fun now\nSeems like it was never even fun back then\nNostalgia is a mind\'s trick\nIf I\'d been there, I\'d hate it\nIt was freezing in the palace\n\n[Chorus]\nI hate it here so I will go to lunar valleys in my mind\nWhen they found a better planet, only the gentle survived\nI dreamed about it in the dark, the night I felt like I might die\nNo mid-sized city hopes and small-town fears\nI\'m there most of the year \'cause I hate it here\nI hate it here\n\n[Bridge]\nI\'m lonely, but I\'m good\nI\'m bitter, but I swear I\'m fine\nI\'ll save all my romanticism for my inner life and I\'ll get lost on purpose\nThis place made me feel worthless\nLucid dreams like electricity, the current flies through me\nAnd in my fantasies, I rise above it\nAnd way up there, I actually love it\n\n[Chorus]\nI hate it here so I will go to secret gardens in my mind\nPeople need a key to get to, the only one is mine\nI read about it in a book when I was a precocious child\nNo mid-sized city hopes and small-town fears\nI\'m there most of the year \'cause I hate it here\nI hate it here\n\n[Outro]\nQuick, quick, tell me something awful\nLike you are a poet trapped inside the body of a finance guy'),(227,'thanK you aIMee','The Tortured Poets Department','When I picture my hometown\nThere\'s a bronze, spray-tanned statue of you\nAnd a plaque underneath it\nThat threatens to push me down the stairs at our school\n\n[Pre-Chorus]\nAnd it was always the same searing pain\nBut I dreamed that one day I could say\n\n[Chorus]\nAll that time you were throwin\' punches, I was buildin\' somethin\'\nAnd I can\'t forgive the way you made me feel\nScreamed, \"Fuck you, Aimee\" to the night sky as the blood was gushin\'\nBut I can\'t forget the way you made me heal\n\n[Verse 2]\nAnd it wasn\'t a fair fight\nOr a clean kill each time that Aimee stomped across my grave\nAnd then she wrote headlines\nIn the local paper, laughing at each baby step I\'d take\n\n[Pre-Chorus]\nAnd it was always the same searing pain\nBut I prayed that one day I could say\n\n[Chorus]\nAll that time you were throwin\' punches, I was buildin\' somethin\'\nAnd I couldn\'t wait to show you it was real\nScreamed, \"Fuck you, Aimee\" to the night sky as the blood was gushin\'\nBut I can\'t forget the way you made me heal\nEveryone knows that my mother is a saintly woman\nBut she used to say she wished that you were dead\nI pushed each boulder up the hill\nYour words are still just ringin\' in my head, ringin\' in my head\n\n[Bridge]\nI wrote a thousand songs that you find uncool\nI built a legacy that you can\'t undo\nBut when I count the scars, there\'s a moment of truth\nThat there wouldn\'t be this if there hadn\'t been you\n\n[Verse 3]\nAnd maybe you\'ve reframed it\nAnd in your mind, you never beat my spirit black and blue\nI don\'t think you\'ve changed much\nAnd so I changed your name and any real defining clues\nAnd one day, your kid comes home singin\'\nA song that only us two is gonna know is about you, \'cause\n\n[Chorus]\nAll that time you were throwin\' punches, it was all for nothin\'\nAnd our town, it looks so small from way up here\nScreamed, \"Thank you, Aimee\" to the night sky and the stars are stunnin\'\n\'Cause I can\'t forget the way you made me heal\nEveryone knows that my mother is a saintly woman\nBut she used to say she wished that you were dead\nSo I pushed each boulder up that hill\nYour words were still just ringin\' in my head, ringin\' in my head\n[Outro]\nThank you, Aimee\nThank you, Aimee'),(228,'I Look in People\'s Windows','The Tortured Poets Department','I had died the tiniest death\nI spied the catch in your breath\nOut, out, out, out, out, out\nNorthbound I got carried away\nAs you boarded your train\nSouth, south, south, south, south, south\n\n[Pre-Chorus]\nA feather taken by the wind blowing\nI\'m afflicted by the not knowing, so\n\n[Chorus]\nI look in people\'s windows\nTransfixed by rose golden glows\nThey have their friends over to drink nice wine\nI look in people\'s windows\nIn case you\'re at their table\nWhat if your eyes looked up and met mine\nOne more time?\n\n[Verse 2]\nYou had stopped and tilted your head\nI still ponder what it meant\nNow, now, now, now, now, now\nI tried searching faces on streets\nWhat are the chances you\'d be\nDowntown, downtown, downtown\n\n[Pre-Chorus]\nDoes it feel alright to not know me?\nI\'m addicted to the \"if only\"\n\n[Chorus]\nSo I look in people\'s windows\nLike I\'m some deranged weirdo\nI attend Christmas parties from outside\nI look in people\'s windows\nIn case you\'re at their table\nWhat if your eyes looked up and met mine\nOne more time?'),(229,'The Prophecy','The Tortured Poets Department','One, two, three, four\n\n[Verse 1]\nHand on the throttle\nThought I caught lightning in a bottle\nOh, but it\'s gone again\nAnd it was written\nI got cursed like Eve got bitten\nOh, was it punishment?\nPad around when I get home\nI guess a lesser woman would\'ve lost hope\nA greater woman wouldn\'t beg\nBut I looked to the sky and said\n\n[Chorus]\n\"Please\nI\'ve been on my knees\nChange the prophecy\nDon\'t want money\nJust someone who wants my company\nLet it once be me\nWho do I have to speak to\nAbout if they can redo the prophecy?\"\n\n[Verse 2]\nCards on the table\nMine play out like fools in a fable\nOh, it was sinking in (Sinking in, oh)\nSlow is the quicksand\nPoison blood from the wound of the pricked hand\nOh, still I dream of him\n\n[Chorus]\nPlease\nI\'ve been on my knees\nChange the prophecy\nDon\'t want money\nJust someone who wants my company\nLet it once be me\nWho do I have to speak to\nAbout if they can redo the prophecy?\n\n[Bridge]\nAnd I sound like an infant\nFeeling like the very last drops of an ink pen\nA greater woman stays cool\nBut I howl like a wolf at the moon\nAnd I look unstable\nGathered with a coven \'round a sorceress\' table\nA greater woman has faith\nBut even statues crumble if they\'re made to wait\nI\'m so afraid I sealed my fate\nNo sign of soulmates\nI\'m just a paperweight in shades of greige\nSpending my last coin so someone will tell me it\'ll be okay\nOoh, ooh, ooh, ooh\n\n[Chorus]\nPlease\nI\'ve been on my knees\nChange the prophecy\nDon\'t want money\nJust someone who wants my company\nLet it once be me\nWho do I have to speak to\nAbout if they can redo the prophecy?\nWho do I have to speak to\nTo change the prophecy?\n[Outro]\nHand on the throttle\nThought I caught lightning in a bottle\nOh, but it\'s gone again\nPad around when I get home\nI guess a lesser woman would\'ve lost hope\nA greater woman wouldn\'t beg\nBut I looked to the sky and said (\"Please\")'),(230,'Cassandra','The Tortured Poets Department','I was in my new house placing daydreams\nPatching up the crack along the wall\nI pass it and lose track of what I\'m saying\n\'Cause that\'s where I was when I got the call\n\n[Pre-Chorus]\nWhen the first stone\'s thrown, there\'s screamin\'\nIn the streets, there\'s a raging riot\nWhen it\'s \"Burn the bitch,\" they\'re shrieking\nWhen the truth comes out, it\'s quiet\n\n[Chorus]\nSo, they killed Cassandra first \'cause she feared the worst\nAnd tried to tell the town\nSo they filled my cell with snakes, I regret to say\nDo you believe me now?\n\n[Verse 2]\nI was in my tower weaving nightmares\nTwisting all my smiles into snarls\nThey say, \"What doesn\'t kill you makes you aware\"\nWhat happens if it becomes who you are?\n\n[Chorus]\nSo, they killed Cassandra first \'cause she feared the worst\nAnd tried to tell the town\nSo they set my life in flames, I regret to say\nDo you believe me now?\n\n[Bridge]\nThey knew, they knew, they knew the whole time\nThat I was onto somethin\'\nThe family, the pure greed, the Christian chorus line\nThey all said nothin\'\nBlood\'s thick, but nothin\' like a payroll\nBet they never spared a prayer for my soul\nYou can mark my words that I said it first\nIn a mourning warning, no one heard\n\n[Verse 3]\nI patched up the crack along the wall\nI pass it and lose track of what I\'m saying\n\'Cause that\'s where I was when I lost it all\n\n[Chorus]\nSo, they killed Cassandra first \'cause she feared the worst\nAnd tried to tell the town\nSo they filled my cell with snakes, I regret to say\nDo you believe me now?\n\n[Post-Chorus]\nAh, ah, ah\nI was onto somethin\'\nAh, ah\nThey all said nothin\'\nBlood\'s thick but nothin\' like a payroll\nBet they never spared a prayer for my soul\nYou can mark my words that I said it first\nIn a mourning warning, no one heard\nNo one heard, not a single word was heard\n[Outro]\nWhen the first stone\'s thrown, there\'s screamin\'\nIn the streets, there\'s a raging riot\nWhen it\'s \"Burn the bitch,\" they\'re shrieking\nWhen the truth comes out, it\'s quiet\nIt\'s so quiet'),(231,'Peter','The Tortured Poets Department','Forgive me, Peter\nMy lost fearless leader\nIn closets like cedar\nPreserved from when we were just kids\nIs it somethin\' I did?\nThe goddess of timing\nOnce found us beguiling\nShe said she was trying\nPeter, was she lying?\nMy ribs get the feeling she did\n\n[Pre-Chorus]\nAnd I didn\'t wanna come down\nI thought it was just goodbye for now\n\n[Chorus]\nYou said you were gonna grow up\nThen you were gonna come find me\nSaid you were gonna grow up\nThen you were gonna come find me\nSaid you were gonna grow up\nThen you were gonna come find me\nWords from the mouths of babes\nPromises oceans-deep\nBut never to keep\nOh, never to keep\n\n[Verse 2]\nAre you still a mind reader?\nA natural scene-stealer?\nI\'ve heard great things, Peter\nBut life was always easier on you\nThan it was on me\nAnd sometimes it gets me\nWhen crossing your jet stream\nWe both did the best we could do\nUnderneath the same moon\nIn different galaxies\n\n[Pre-Chorus]\nAnd I didn\'t wanna hang around\nWe said it was just goodbye for now\n\n[Chorus]\nYou said you were gonna grow up\nThen you were gonna come find me\nSaid you were gonna grow up\nThen you were gonna come find me\nSaid you were gonna grow up\nThen you were gonna come find me\nWords from the mouths of babes\nPromises oceans-deep\nBut never to keep\nNever to keep\n[Bridge]\nAnd I won\'t confess that I waited, but I let the lamp burn\nAs the men masqueraded, I hoped you\'d return\nWith your feet on the ground, tell me all that you\'d learned\n\'Cause love\'s never lost when perspective is earned\nAnd you said you\'d come and get me, but you were twenty-five\nAnd the shelf life of those fantasies has expired\nLost to the \"Lost Boys\" chapter of your life\nForgive me, Peter, please know that I tried\nTo hold on (Hold on) to the days (To the days)\nWhen you were mine\nBut the woman who sits by the window\nHas turned out the light\n\n[Chorus]\nYou said you were gonna grow up\nThen you were gonna come find me\nSaid you were gonna grow up\nYou said you were gonna grow up\nThen you were gonna come find me\nSaid you were gonna grow up\nYou said you were gonna grow up\nThen you were gonna come find me\nSaid you were gonna grow up\nThen you were gonna come find me\nSaid you were gonna grow up\nThen you were gonna come find me\nWords from the mouths of babes\nPromises oceans-deep\nBut never to keep'),(232,'The Bolter','The Tortured Poets Department','By all accounts, she almost drowned\nWhen she was six in frigid water\nAnd I can confirm she made\nA curious child, ever reviled\nBy everyone except her own father\nWith a quite bewitching face\nSplendidly selfish, charmingly helpless\nExcellent fun \'til you get to know her\nThen she runs like it\'s a race\nBehind her back, her best mates laughed\nAnd they nicknamed her \"The Bolter\"\n\n[Chorus]\nStarted with a kiss\n\"Oh, we must stop meeting like this\"\nBut it always ends up with a town car speeding\nOut the drive one evening\nEnded with the slam of a door\nThen he\'ll call her a whore\nWish he wouldn\'t be sore\nBut as she was leaving\nIt felt like breathing\n\n[Post-Chorus]\nAll her fuckin\' lives\nFlashed before her eyes\nIt feels like the time\nShe fell through the ice\nThen came out alive\n\n[Verse 2]\nHe was a cad, wanted her bad\nJust like any good trophy hunter\nAnd she liked the way it tastes\nTaming a bear, making him care\nWatching him jump then pulling him under\nAnd at first blush, this is fate\nWhen it\'s all roses, portrait poses\nCentral Park Lake in tiny rowboats\nWhat a charming Saturday\nThat\'s when she sees the littlest leaks\nDown in the floorboards\nAnd she just knows she must bolt\n\n[Chorus]\nStarted with a kiss\n\"Oh, we must stop meeting like this\"\nBut it always ends up with a town car speeding\nOut the drive one evening\nEnded with the slam of a door\nThen he\'ll call her a whore\nWish he wouldn\'t be sore\nBut as she was leaving\nIt felt like breathing\n\n[Post-Chorus]\nAll her fuckin\' lives\nFlashed before her eyes (Ah-ah-ah)\nIt feels like the time\nShe fell through the ice\nThen came out alive\n[Bridge]\nShe\'s been many places with\nMen of many faces\nFirst, they\'re off to the races\nAnd she\'s laughing, drawin\' aces\nBut none of it is changin\'\nThat the chariot is waitin\'\nHearts are hers for the breakin\'\nThere\'s escape in escaping\n\n[Chorus]\nStarted with a kiss\n\"Oh, we must stop meeting like this\"\nBut it always ends up with a town car speeding\nOut the drive one evenin\'\nEnded with the slam of a door\nBut she\'s got the best stories\nYou can be sure\nThat as she was leaving\nIt felt like freedom\n\n[Post-Chorus]\nAll her fuckin\' lives\nFlashed before her eyes (And she realized)\nIt feels like the time\nShe fell through the ice\nThen came out alive'),(233,'Robin','The Tortured Poets Department','Long may you reign\nYou\'re an animal, you are bloodthirsty\nOut window panes talking utter nonsense\nYou have no idea\n\n[Pre-Chorus]\nStrings tied to levers\nSlowed-down clocks tethered\nAll this showmanship\nTo keep it for you in sweetness\n\n[Chorus]\nWay to go, tiger\nHigher and higher\nWilder and lighter\nFor you\n\n[Verse 2]\nLong may you roar\nAt your dinosaurs\nYou\'re a just ruler\nCovered in mud, you look ridiculous\nAnd you have no idea\n\n[Pre-Chorus]\nBuried down deep\nAnd out of your reach\nThe secret we all vowed\nTo keep it from you in sweetness\n\n[Chorus]\nWay to go, tiger\nHigher and higher\nWilder and lighter\nFor you\n\n[Bridge]\nYou got the dragonflies above your bed\nYou have a favorite spot on the swing set\nYou have no room in your dreams for regrets\n(You have no idea)\nThe time will arrive for the cruel and the mean\nYou\'ll learn to bounce back just like your trampoline\nBut now we\'ll curtail your curiosity\nIn sweetness\n\n[Chorus]\nWay to go, tiger (Way to go, tiger)\nHigher and higher (Higher and higher)\nWilder and lighter\nFor you'),(234,'The Manuscript','The Tortured Poets Department','Now and then, she rereads the manuscript\nOf the entire torrid affair\nThey compared their licenses\nHe said, \"I\'m not a donor but\nI\'d give you my heart if you needed it\"\nShe rolled her eyes and said\n\"You\'re a professional\"\nHe said, \"No, just a good samaritan\"\nHe said that if the sex was half as good as the conversation was\nSoon, they\'d be pushin\' strollers\nBut, soon, it was over\n\n[Verse 2]\nIn the age of him, she wished she was thirty\nAnd made coffee every morning in a French press\nAfterwards, she only ate kids\' cereal\nAnd couldn\'t sleep unless it was in her mother\'s bed\nThen she dated boys who were her own age\nWith dart boards on the backs of their doors\nShe thought about how he said since she was so wise beyond her years\nEverything had been above board\nShe wasn\'t sure\n\n[Bridge]\nAnd the years passed like scenes of a show\nThe professor said to write what you know\nLookin\' backwards might be the only way to move forward\nThen the actors were hitting their marks\nAnd the slow dance was alight with the sparks\nAnd the tears fell in synchronicity with the score\nAnd at last, she knew what the agony had been for\n\n[Outro]\nThe only thing that\'s left is the manuscript\nOne last souvenir from my trip to your shores\nNow and then, I reread the manuscript\nBut the story isn\'t mine anymore'),(235,'Last Christmas','The Taylor Swift Holiday Collection',''),(236,'Christmases When You Were Mine','The Taylor Swift Holiday Collection',''),(237,'Santa Baby','The Taylor Swift Holiday Collection',''),(238,'Silent Night','The Taylor Swift Holiday Collection',''),(239,'Christmas Must Be Something More','The Taylor Swift Holiday Collection',''),(240,'White Christmas','The Taylor Swift Holiday Collection',''),(241,'Eyes Open (Taylor\'s Version)','The Hunger Games','Everybody\'s waitin\'\nEverybody\'s watchin\'\nEven when you\'re sleepin\'\nKeep your eyes open\n\n[Verse 1]\nThe tricky thing\nIs yesterday, we were just children\nPlaying soldiers, just pretending\nDreaming dreams with happy endings\nIn backyards\nWinning battles with our wooden swords\nBut now we\'ve stepped into a cruel world\nWhere everybody stands and keeps score\n\n[Pre-Chorus]\n(Keep your eyes open)\n\n[Chorus]\nEverybody\'s waitin\' for you to break down\nEverybody\'s watchin\' to see the fallout\nEven when you\'re sleepin\', sleepin\'\nKeep your eyes open\n\n[Post-Chorus]\nKeep your eyes open\nKeep your eyes open\n\n[Verse 2]\nSo here you are\nTwo steps ahead and stayin\' on guard\nEvery lesson forms a new scar\nThey never thought you\'d make it this far\nBut turn around (Turn around)\nOh, they\'ve surrounded you, it\'s a showdown (Showdown)\nAnd nobody comes to save you now\nBut you got somethin\' they don\'t\nYeah, you got somethin\' they don\'t\n\n[Pre-Chorus]\nYou just gotta keep your eyes open\n\n[Chorus]\nEverybody\'s waitin\' for you to break down\nEverybody\'s watchin\' to see the fallout\nEven when you\'re sleepin\', sleepin\'\nKeep your eyes open\n\n[Post-Chorus]\nKeep your eyes open\nKeep your eyes\n\n[Bridge]\nKeep your feet ready, heartbeat steady\nKeep your eyes open\nKeep your aim locked, the night goes dark\nKeep your eyes open\n(Keep your eyes open)\n(Keep your eyes open)\n(Keep your eyes open)\n(Keep your eyes open)\n[Chorus]\nEverybody\'s waitin\' for you to break down\nEverybody\'s watchin\' to see the fallout\nEven when you\'re sleepin\', sleepin\'\nKeep your eyes open\n\n[Post-Chorus]\nKeep your eyes open\nKeep your eyes open\nKeep your eyes open\nKeep your eyes open'),(242,'Safe & Sound (Taylor\'s Version)','The Hunger Games','I remember tears streaming down your face when I said, \"I\'ll never let you go\"\nWhen all those shadows almost killed your light\nI remember you said, \"Don\'t leave me here alone\"\nBut all that\'s dead and gone and passed tonight\n\n[Chorus: Taylor Swift & Joy Williams, Taylor Swift]\nJust close your eyes\nThe sun is going down\nYou\'ll be alright\nNo one can hurt you now\nCome morning light\nYou and I\'ll be safe and sound\n\n[Verse 2: Taylor Swift, Taylor Swift & John Paul White]\nDon\'t you dare look out your window, darlin\', everything\'s on fire\nThe war outside our door keeps ragin\' on\nHold on to this lullaby\nEven when the music\'s gone, gone\n\n[Chorus: Taylor Swift & Joy Williams, Taylor Swift]\nJust close your eyes\nThe sun is going down\nYou\'ll be alright\nNo one can hurt you now\nCome morning light\nYou and I\'ll be safe and sound\nYou might also like[Bridge: Taylor Swift, Joy Williams & John Paul White, Taylor Swift & John Paul White, (Joy Williams), All]\nOoh, ooh\nOoh, ooh\nOh (Oh)\nOh (Oh)\nOoh, ooh\nOoh, ooh\nOh\nOh\n\n[Chorus: Taylor Swift, Taylor Swift & Joy Williams]\nJust close your eyes\nYou\'ll be alright\nCome morning light\nYou and I\'ll be safe and sound\n\n[Outro: All]\nOoh, ooh\nOoh, ooh\nOoh, ooh\nOoh, ooh\nOoh, ooh\nOoh, ooh'),(243,'Renegade','NA',''),(244,'Beautiful Ghosts','NA',''),(245,'Macavity','Cats','Macavity\'s a mystery cat, he\'s called the Hiddenpaw\nFor he\'s the master criminal who can defy the law\nHe\'s the bafflement of Scotland Yard, the Flying Squad\'s despair\nFor when they reach the scene of crime, Macavity\'s not there\n\n[Chorus: Taylor Swift]\nMacavity, Macavity, there\'s no one like Macavity\nHe\'s broken every human law, he breaks the law of gravity\nHis powers of levitation would make a fakir stare\nBut when they reach the scene of crime, Macavity\'s not there\n\n[Verse 2: Taylor Swift]\nMacavity\'s a ginger cat, he\'s very tall and thin\nYou would know him if you saw him for his eyes are sunken in\nHis brow is deeply lined with thought, his head is highly domed\nHis coat is dusty from neglect, his whiskers are uncombed\nHe sways his head from side to side, with movements like a snake\nAnd when you think he\'s half asleep, he\'s always wide awake\n\n[Chorus: Taylor Swift]\nMacavity, Macavity, there\'s no one like Macavity\nFor he\'s a fiend in feline shape, a monster of depravity\nYou may meet him in a by-street, you may see him in the square\nBut when a crime\'s discovered, then Macavity\'s not there\n\n[Bridge: Taylor Swift]\nHe\'s outwardly respectable, I know, he cheats at cards\nAnd his footprints are not found in any files of Scotland Yard\'s\nAnd when the larder\'s looted and the jewel case is rifled\nOr when the milk is missing or another peke\'s been stifled\nOr the greenhouse glass is broken and the trellis past repair\nThere\'s the wonder of the thing, Macavity\'s not there\n\n[Chorus: Taylor Swift, Idris Elba & Both]\nMacavity, Macavity, there\'s no one like Macavity\nThere never was a cat of such deceitfulness and suavity\nHe always has an alibi, and one or two to spare\nWhat ever time the deed took place, Macavity wasn\'t there\nAnd they say that all the cats whose wicked deeds are widely known\nI might mention Mungojerrie, Rumpleteazer, Griddlebone\nAre nothing more than agents for the cat who all the time\nJust controls the operations, the Napoleon of Crime\nMacavity, Macavity, there\'s no one like Macavity\nHe\'s a fiend in feline shape, a monster of depravity\nYou may meet him in a by-street, you may see him in the square\nBut when a crime\'s discovered, then Macavity, Macavity\nMacavity, Macavity\n\n[Outro: Idris Elba, Taylor Swift]\nWhen a crime\'s discovered, then\nMacavity\'s not there'),(246,'Carolina','NA',''),(247,'Christmas Tree Farm','NA',''),(248,'I Don\'t Wanna Live Forever','NA',''),(249,'Only The Young','NA',''),(250,'Two Is Better Than One','NA',''),(251,'Gasoline (Remix)','NA',''),(252,'Highway Don\'t Care','NA',''),(253,'Bad Blood (Remix) (Taylor\'s Version)','1989 (Taylor\'s Version)','\'Cause, baby, now we\'ve got bad blood\nYou know it used to be mad love (Uh)\nSo take a look what you\'ve done (Uh)\n\'Cause, baby, now we\'ve got bad blood (Uh), hey (Hey)\n\n[Verse 1: Kendrick Lamar]\nI can\'t take it back, look where I\'m at (Uh)\nWe was OG like D.O.C., remember that? (Remember that?)\nMy TLC was quite OD, ID my facts (ID my)\nNow POV of you and me, similar Iraq\nI don\'t hate you, but I hate to critique, overrate you\nThese beats of a dark heart, use basslines to replace you\nTake time and erase you, love don\'t hear no more, no, I don\'t fear no more\nBetter yet, respect ain\'t quite sincere no more\n\n[Pre-Chorus: Taylor Swift]\nOh, it\'s so sad to\nThink about the good times\nYou and I\n\n[Chorus: Taylor Swift, Kendrick Lamar]\n\'Cause, baby, now we\'ve got bad blood\nYou know it used to be mad love\nSo take a look what you\'ve done\n\'Cause, baby, now we\'ve got bad blood, hey\nNow we\'ve got problems\nAnd I don\'t think we can solve them (Uh)\nYou made a really deep cut (Uh)\nAnd, baby, now we\'ve got bad blood, hey (Hey)\n\n[Verse 2: Kendrick Lamar, Taylor Swift]\nRemember when you tried to write me off? (Haha)\nRemember when you thought I\'d take a loss?\nDon\'t you remember? You thought that I would need ya\nFollow procedure, remember? Oh, wait, you\'ve got amnesia?\nIt was my season for battle wounds, battle scars, body bumped, bruised\nStabbed in the back; brimstone, fire jumpin\' through\nStill, all my life, I got money and power\nAnd you gotta live with the bad blood now (Haha)\n\n[Pre-Chorus: Taylor Swift]\nOh, it\'s so sad to\nThink about the good times\nYou and I\n\n[Chorus: Taylor Swift, Kendrick Lamar]\n\'Cause, baby, now we\'ve got bad blood (Hey, hey, hey, hey)\nYou know it used to be mad love (Hey, hey, hey, hey)\nSo take a look what you\'ve done (Hey, hey, hey, hey)\n\'Cause, baby, now we\'ve got bad blood, hey (Hey, hey, hey)\nNow we\'ve got problems (Hey, hey, hey, hey)\nAnd I don\'t think we can solve them (Hey, hey, hey, hey)\nYou made a really deep cut (Hey, hey, hey, hey)\nAnd, baby, now we\'ve got bad blood, hey (Hey, hey, hey)\n\n[Bridge: Taylor Swift, Kendrick Lamar, Taylor Swift & Kendrick Lamar]\nBand-aids don\'t fix bullet holes\nYou say sorry just for show\nIf you live like that, you live with ghosts\nYou forgive, you forget, but you never let it go\nBand-aids don\'t fix bullet holes (Hey; Yeah)\nYou say sorry just for show (Hey; Uh-huh)\nIf you live like that, you live with ghosts (Uh, uh), mmm\nIf you love like that, blood runs cold\n[Chorus: Taylor Swift, Kendrick Lamar, Taylor Swift & Kendrick Lamar]\n\'Cause, baby, now we\'ve got bad blood (Uh)\nYou know it used to be mad love (Mad love)\nSo take a look what you\'ve done (Hey)\n\'Cause, baby, now we\'ve got bad blood, hey (Bad blood, bad blood)\nNow we\'ve got problems\nAnd I don\'t think we can solve them (Think we can solve them)\nYou made a really deep cut\nAnd, baby, now we\'ve got bad blood, hey (\'Cause now we\'ve got bad blood)\n\'Cause, baby, now we\'ve got bad blood (Uh)\nYou know it used to be mad love (Uh)\nSo take a look what you\'ve done (Look what you\'ve done; Hey)\n\'Cause, baby, now we\'ve got bad blood, hey (Woah, woah, no)\nNow we\'ve got problems (Uh)\nAnd I don\'t think we can solve them (Uh)\nYou made a really deep cut\nAnd, baby, now we\'ve got bad blood, hey'),(254,'Paris','Midnights',''),(255,'Glitch','Midnights',''),(256,'Crazier','NA',''),(257,'If This Was a Movie (Taylor\'s Version)','Fearless (Taylor\'s Version)','Last night, I heard my own heart beatin\'\nSounded like footsteps on my stairs\nSix months gone and I\'m still reachin\'\nEven though I know you\'re not there\nI was playin\' back a thousand memories, baby\nThinkin\' \'bout everything we\'ve been through\nMaybe I\'ve been going back too much lately\nWhen time stood still and I had you\n\n[Chorus]\nCome back, come back, come back to me like\nYou would, you would if this was a movie\nStand in the rain outside \'til I came out\nCome back, come back, come back to me like\nYou could, you could if you just said you\'re sorry\nI know that we could work it out somehow\nBut if this was a movie, you\'d be here by now\n\n[Verse 2]\nI know people change and these things happen\nBut I remember how it was back then\nWrapped up in your arms and our friends are laughin\'\n\'Cause nothing like this ever happened to them\nNow I\'m pacing down the hall, chasing down your street\nFlashback to the night when you said to me\nNothing\'s gonna change, not for me and you\nBack before I knew how much I had to lose\n\n[Chorus]\nCome back, come back, come back to me like\nYou would, you would if this was a movie\nStand in the rain outside \'til I came out\nCome back, come back, come back to me like\nYou could, you could if you just said you\'re sorry\nI know that we could work it out somehow\nBut if this was a movie, you\'d be here by now\n\n[Bridge]\nIf you\'re out there, if you\'re somewhere, if you\'re moving on\nI\'ve been waiting for you every day since you\'ve been gone\nI just want it back the way it was before\nAnd I just wanna see you back at my front door\n\n[Breakdown]\nAnd I say, \"Come back, come back, come back to me like\nYou would before you said it\'s not that easy\nBefore the fight, before I locked you out\"\nBut I take it all back now\n\n[Chorus]\nCome back, come back, come back to me like\nYou would, you would if this was a movie\nStand in the rain outside \'til I came out\nCome back, come back, come back to me like\nYou could, you could if you just said you\'re sorry\nI know that we could work it out somehow\nBut if this was a movie, you\'d be here by now\n[Outro]\nYou\'d be here by now\nIt\'s not the kind of ending you wanna see now\nBaby, what about the ending?\nOh, I thought that you\'d be here by now\nOh, oh\nThought you\'d be here by now'),(258,'Teardrops On My Guitar (Pop Version)','Taylor Swift',''),(259,'Fearless','Fearless',''),(260,'Fifteen','Fearless',''),(261,'Love Story','Fearless',''),(262,'Hey Stephen','Fearless',''),(263,'White Horse','Fearless',''),(264,'You Belong With Me','Fearless',''),(265,'Breathe','Fearless',''),(266,'Tell Me Why','Fearless',''),(267,'You\'re Not Sorry','Fearless',''),(268,'The Way I Loved You','Fearless',''),(269,'Forever & Always','Fearless',''),(270,'The Best Day','Fearless',''),(271,'Change','Fearless',''),(272,'Jump Then Fall','Fearless',''),(273,'Untouchable','Fearless',''),(274,'Forever & Always (Piano Version)','Fearless',''),(275,'Come In With The Rain','Fearless',''),(276,'SuperStar','Fearless',''),(277,'The Other Side Of The Door','Fearless',''),(278,'Forever & Always (Piano Version) [Taylor\'s Version]','Fearless (Taylor\'s Version)',''),(279,'Mine','Speak Now',''),(280,'Sparks Fly','Speak Now',''),(281,'Back To December','Speak Now',''),(282,'Speak Now','Speak Now',''),(283,'Dear John','Speak Now',''),(284,'Mean','Speak Now',''),(285,'The Story Of Us','Speak Now',''),(286,'Never Grow Up','Speak Now',''),(287,'Enchanted','Speak Now',''),(288,'Better Than Revenge','Speak Now',''),(289,'Innocent','Speak Now',''),(290,'Haunted','Speak Now',''),(291,'Last Kiss','Speak Now',''),(292,'Long Live','Speak Now',''),(293,'Ours','Speak Now',''),(294,'If This Was A Movie','Speak Now',''),(295,'Superman','Speak Now',''),(296,'State Of Grace','Red',''),(297,'Red','Red',''),(298,'Treacherous','Red',''),(299,'I Knew You Were Trouble','Red',''),(300,'All Too Well','Red',''),(301,'22','Red',''),(302,'I Almost Do','Red',''),(303,'We Are Never Ever Getting Back Together','Red',''),(304,'Stay Stay Stay','Red',''),(305,'The Last Time','Red',''),(306,'Holy Ground','Red',''),(307,'Sad Beautiful Tragic','Red',''),(308,'The Lucky One','Red',''),(309,'Everything Has Changed','Red',''),(310,'Starlight','Red',''),(311,'Begin Again','Red',''),(312,'The Moment I Knew','Red',''),(313,'Come Back...Be Here','Red',''),(314,'Girl At Home','Red',''),(315,'Treacherous (Original Demo Recording)','Red',''),(316,'Red (Original Demo Recording)','Red',''),(317,'State Of Grace (Acoustic Version)','Red',''),(318,'State Of Grace (Acoustic Version) [Taylor\'s Version]','Red (Taylor\'s Version)',''),(319,'All Too Well (10 Minute Version) [Taylor\'s Version] [From The Vault]','Red (Taylor\'s Version)',''),(320,'Welcome To New York','1989',''),(321,'Blank Space','1989',''),(322,'Style','1989',''),(323,'Out Of The Woods','1989',''),(324,'All You Had To Do Was Stay','1989',''),(325,'Shake It Off','1989',''),(326,'I Wish You Would','1989',''),(327,'Bad Blood','1989',''),(328,'Wildest Dreams','1989',''),(329,'How You Get The Girl','1989',''),(330,'This Love','1989',''),(331,'I Know Places','1989',''),(332,'Clean','1989',''),(333,'Wonderland','1989',''),(334,'You Are In Love','1989',''),(335,'New Romantics','1989',''),(336,'You\'re On Your Own, Kid (Strings Remix)','Midnights',''),(337,'Sweet Nothing (Piano Remix)','Midnights',''),(338,'Should\'ve Said No (Alternate Version)','Beautiful Eyes',''),(339,'Teardrops On My Guitar (Acoustic Version)','Beautiful Eyes',''),(340,'Picture To Burn (Radio Edit)','Beautiful Eyes',''),(341,'American Girl','NA',''),(342,'Bad Blood (Remix)','NA',''),(343,'Eyes Open','NA',''),(344,'Lover (Remix)','NA',''),(345,'Ronan','NA',''),(346,'Safe & Sound','NA',''),(347,'September','NA',''),(348,'Sweeter Than Fiction','NA',''),(349,'Today Was A Fairytale','NA',''),(350,'Babe','NA',''),(351,'Birch','NA',''),(352,'Both Of Us','NA',''),(353,'Half Of My Heart','NA',''),(354,'The Joker And The Queen','NA',''),(355,'Three Sad Virgins','NA','');
/*!40000 ALTER TABLE `ts_songtitle` ENABLE KEYS */;
UNLOCK TABLES;

--
-- Table structure for table `ts_songtitle_poster_pics`
--

DROP TABLE IF EXISTS `ts_songtitle_poster_pics`;
/*!40101 SET @saved_cs_client     = @@character_set_client */;
/*!50503 SET character_set_client = utf8mb4 */;
CREATE TABLE `ts_songtitle_poster_pics` (
  `id` bigint NOT NULL AUTO_INCREMENT,
  `songtitle_id` bigint NOT NULL,
  `poster_id` bigint NOT NULL,
  PRIMARY KEY (`id`),
  UNIQUE KEY `ts_songtitle_poster_pics_songtitle_id_poster_id_3f287809_uniq` (`songtitle_id`,`poster_id`),
  KEY `ts_songtitle_poster_pics_poster_id_cf4c8499_fk_ts_poster_id` (`poster_id`),
  CONSTRAINT `ts_songtitle_poster__songtitle_id_fd4e6c0f_fk_ts_songti` FOREIGN KEY (`songtitle_id`) REFERENCES `ts_songtitle` (`id`),
  CONSTRAINT `ts_songtitle_poster_pics_poster_id_cf4c8499_fk_ts_poster_id` FOREIGN KEY (`poster_id`) REFERENCES `ts_poster` (`id`)
) ENGINE=InnoDB AUTO_INCREMENT=320 DEFAULT CHARSET=utf8mb4 COLLATE=utf8mb4_0900_ai_ci;
/*!40101 SET character_set_client = @saved_cs_client */;

--
-- Dumping data for table `ts_songtitle_poster_pics`
--

LOCK TABLES `ts_songtitle_poster_pics` WRITE;
/*!40000 ALTER TABLE `ts_songtitle_poster_pics` DISABLE KEYS */;
INSERT INTO `ts_songtitle_poster_pics` VALUES (148,1,40),(149,2,40),(150,3,40),(151,4,40),(152,5,40),(153,6,40),(154,7,40),(155,8,40),(156,9,40),(157,10,40),(158,11,40),(159,13,40),(160,14,40),(122,17,39),(123,18,39),(124,19,39),(125,20,39),(126,21,39),(127,22,39),(128,23,39),(129,24,39),(130,25,39),(131,26,39),(132,27,39),(133,28,39),(134,29,39),(135,30,39),(136,31,39),(137,32,39),(138,33,39),(139,34,39),(140,35,39),(141,36,39),(142,37,39),(143,38,39),(144,39,39),(145,40,39),(146,41,39),(283,42,47),(284,43,47),(285,44,47),(286,45,47),(287,46,47),(288,47,47),(289,48,47),(290,49,47),(291,50,47),(292,51,47),(293,52,47),(294,53,47),(295,54,47),(296,55,47),(297,56,47),(298,57,47),(299,58,47),(300,59,47),(301,60,47),(302,61,47),(303,62,47),(304,63,47),(53,64,36),(54,65,36),(55,66,36),(56,67,36),(57,68,36),(58,69,36),(59,70,36),(60,71,36),(61,72,36),(62,73,36),(63,74,36),(64,75,36),(65,76,36),(66,77,36),(67,78,36),(68,79,36),(69,80,36),(70,81,36),(71,82,36),(72,83,36),(73,84,36),(74,85,36),(75,86,36),(76,87,36),(77,88,36),(78,89,36),(79,90,36),(80,91,36),(81,92,36),(215,93,44),(216,94,44),(217,95,44),(218,96,44),(219,97,44),(220,98,44),(221,99,44),(222,100,44),(223,102,44),(224,104,44),(225,105,44),(226,106,44),(227,107,44),(228,108,44),(229,109,44),(230,110,44),(231,111,44),(232,112,44),(233,113,44),(234,114,44),(307,115,48),(308,116,48),(309,117,48),(310,118,48),(311,119,48),(312,120,48),(313,121,48),(314,122,48),(315,123,48),(316,124,48),(317,125,48),(318,126,48),(319,127,48),(305,128,48),(306,129,48),(162,130,41),(163,131,41),(164,132,41),(165,133,41),(166,134,41),(167,135,41),(168,136,41),(169,137,41),(170,138,41),(171,139,41),(172,140,41),(173,141,41),(174,142,41),(175,143,41),(176,144,41),(177,145,41),(178,146,41),(179,147,41),(180,148,41),(88,149,37),(89,150,37),(90,151,37),(91,152,37),(92,153,37),(93,154,37),(94,155,37),(95,156,37),(96,157,37),(97,158,37),(98,159,37),(82,160,37),(83,161,37),(84,162,37),(85,163,37),(86,164,37),(87,165,37),(198,166,43),(199,167,43),(200,168,43),(201,169,43),(202,170,43),(203,171,43),(204,172,43),(205,173,43),(206,174,43),(207,175,43),(208,176,43),(209,177,43),(210,178,43),(211,179,43),(212,180,43),(213,181,43),(214,182,43),(26,183,35),(27,184,35),(28,185,35),(29,186,35),(30,187,35),(31,188,35),(32,189,35),(33,190,35),(34,191,35),(35,192,35),(36,193,35),(37,194,35),(38,195,35),(39,196,35),(40,197,35),(41,198,35),(42,199,35),(43,200,35),(44,201,35),(45,202,35),(46,203,35),(236,204,45),(237,205,45),(238,206,45),(239,207,45),(240,208,45),(241,209,45),(242,210,45),(243,211,45),(244,212,45),(245,213,45),(246,214,45),(247,215,45),(248,216,45),(249,217,45),(250,218,45),(251,219,45),(252,220,45),(253,221,45),(254,222,45),(255,223,45),(256,224,45),(257,225,45),(258,226,45),(259,227,45),(260,228,45),(261,229,45),(262,230,45),(263,231,45),(264,232,45),(265,233,45),(266,234,45),(20,235,34),(21,236,34),(22,237,34),(23,238,34),(24,239,34),(25,240,34),(235,253,44),(49,254,35),(50,255,35),(121,257,39),(161,258,40),(1,259,33),(2,260,33),(3,261,33),(4,262,33),(5,263,33),(6,264,33),(7,265,33),(8,266,33),(9,267,33),(10,268,33),(11,269,33),(12,270,33),(13,271,33),(14,272,33),(15,273,33),(16,274,33),(17,275,33),(18,276,33),(19,277,33),(147,278,39),(189,279,42),(190,280,42),(191,281,42),(192,282,42),(193,283,42),(194,284,42),(195,285,42),(196,286,42),(197,287,42),(181,288,42),(182,289,42),(183,290,42),(184,291,42),(185,292,42),(186,293,42),(187,294,42),(188,295,42),(99,296,38),(100,297,38),(101,298,38),(102,299,38),(103,300,38),(104,301,38),(105,302,38),(106,303,38),(107,304,38),(108,305,38),(109,306,38),(110,307,38),(111,308,38),(112,309,38),(113,310,38),(114,311,38),(115,312,38),(116,313,38),(117,314,38),(118,315,38),(119,316,38),(120,317,38),(51,318,36),(52,319,36),(267,320,46),(268,321,46),(269,322,46),(270,323,46),(271,324,46),(272,325,46),(273,326,46),(274,327,46),(275,328,46),(276,329,46),(277,330,46),(278,331,46),(279,332,46),(280,333,46),(281,334,46),(282,335,46),(47,336,35),(48,337,35);
/*!40000 ALTER TABLE `ts_songtitle_poster_pics` ENABLE KEYS */;
UNLOCK TABLES;
/*!40103 SET TIME_ZONE=@OLD_TIME_ZONE */;

/*!40101 SET SQL_MODE=@OLD_SQL_MODE */;
/*!40014 SET FOREIGN_KEY_CHECKS=@OLD_FOREIGN_KEY_CHECKS */;
/*!40014 SET UNIQUE_CHECKS=@OLD_UNIQUE_CHECKS */;
/*!40101 SET CHARACTER_SET_CLIENT=@OLD_CHARACTER_SET_CLIENT */;
/*!40101 SET CHARACTER_SET_RESULTS=@OLD_CHARACTER_SET_RESULTS */;
/*!40101 SET COLLATION_CONNECTION=@OLD_COLLATION_CONNECTION */;
/*!40111 SET SQL_NOTES=@OLD_SQL_NOTES */;

-- Dump completed on 2024-12-08 16:57:41
